prov,edad,periodo,nac,prov_cod
Araba/Álava,Total,1996,2248,01
Araba/Álava,Total,1997,2226,01
Araba/Álava,Total,1998,2249,01
Araba/Álava,Total,1999,2321,01
Araba/Álava,Total,2000,2487,01
Araba/Álava,Total,2001,2436,01
Araba/Álava,Total,2002,2491,01
Araba/Álava,Total,2003,2694,01
Araba/Álava,Total,2004,2809,01
Araba/Álava,Total,2005,2792,01
Araba/Álava,Total,2006,2918,01
Araba/Álava,Total,2007,3027,01
Araba/Álava,Total,2008,3209,01
Araba/Álava,Total,2009,3224,01
Araba/Álava,Total,2010,3346,01
Araba/Álava,Total,2011,3429,01
Araba/Álava,Total,2012,3293,01
Araba/Álava,Total,2013,3099,01
Araba/Álava,Total,2014,3277,01
Araba/Álava,Total,2015,3159,01
Araba/Álava,Total,2016,3074,01
Araba/Álava,Total,2017,2961,01
Araba/Álava,Total,2018,2683,01
Araba/Álava,Total,2019,2565,01
Araba/Álava,Total,2020,2397,01
Araba/Álava,Total,2021,2368,01
Araba/Álava,Total,2022,2267,01
Araba/Álava,Total,2023,2216,01
Araba/Álava,Total,2024,2094,01
Araba/Álava,<= 15,1996,1,01
Araba/Álava,<= 15,1997,0,01
Araba/Álava,<= 15,1998,1,01
Araba/Álava,<= 15,1999,1,01
Araba/Álava,<= 15,2000,1,01
Araba/Álava,<= 15,2001,0,01
Araba/Álava,<= 15,2002,0,01
Araba/Álava,<= 15,2003,0,01
Araba/Álava,<= 15,2004,2,01
Araba/Álava,<= 15,2005,2,01
Araba/Álava,<= 15,2006,1,01
Araba/Álava,<= 15,2007,1,01
Araba/Álava,<= 15,2008,1,01
Araba/Álava,<= 15,2009,0,01
Araba/Álava,<= 15,2010,1,01
Araba/Álava,<= 15,2011,2,01
Araba/Álava,<= 15,2012,1,01
Araba/Álava,<= 15,2013,0,01
Araba/Álava,<= 15,2014,2,01
Araba/Álava,<= 15,2015,0,01
Araba/Álava,<= 15,2016,1,01
Araba/Álava,<= 15,2017,0,01
Araba/Álava,<= 15,2018,0,01
Araba/Álava,<= 15,2019,0,01
Araba/Álava,<= 15,2020,0,01
Araba/Álava,<= 15,2021,1,01
Araba/Álava,<= 15,2022,1,01
Araba/Álava,<= 15,2023,0,01
Araba/Álava,<= 15,2024,2,01
Araba/Álava,16,1996,3,01
Araba/Álava,16,1997,2,01
Araba/Álava,16,1998,1,01
Araba/Álava,16,1999,3,01
Araba/Álava,16,2000,1,01
Araba/Álava,16,2001,1,01
Araba/Álava,16,2002,5,01
Araba/Álava,16,2003,0,01
Araba/Álava,16,2004,2,01
Araba/Álava,16,2005,1,01
Araba/Álava,16,2006,2,01
Araba/Álava,16,2007,4,01
Araba/Álava,16,2008,2,01
Araba/Álava,16,2009,2,01
Araba/Álava,16,2010,1,01
Araba/Álava,16,2011,2,01
Araba/Álava,16,2012,1,01
Araba/Álava,16,2013,4,01
Araba/Álava,16,2014,3,01
Araba/Álava,16,2015,2,01
Araba/Álava,16,2016,2,01
Araba/Álava,16,2017,1,01
Araba/Álava,16,2018,2,01
Araba/Álava,16,2019,0,01
Araba/Álava,16,2020,0,01
Araba/Álava,16,2021,0,01
Araba/Álava,16,2022,1,01
Araba/Álava,16,2023,0,01
Araba/Álava,16,2024,0,01
Araba/Álava,17,1996,3,01
Araba/Álava,17,1997,2,01
Araba/Álava,17,1998,8,01
Araba/Álava,17,1999,2,01
Araba/Álava,17,2000,4,01
Araba/Álava,17,2001,5,01
Araba/Álava,17,2002,8,01
Araba/Álava,17,2003,4,01
Araba/Álava,17,2004,3,01
Araba/Álava,17,2005,6,01
Araba/Álava,17,2006,6,01
Araba/Álava,17,2007,7,01
Araba/Álava,17,2008,8,01
Araba/Álava,17,2009,9,01
Araba/Álava,17,2010,2,01
Araba/Álava,17,2011,6,01
Araba/Álava,17,2012,3,01
Araba/Álava,17,2013,7,01
Araba/Álava,17,2014,6,01
Araba/Álava,17,2015,4,01
Araba/Álava,17,2016,4,01
Araba/Álava,17,2017,7,01
Araba/Álava,17,2018,4,01
Araba/Álava,17,2019,4,01
Araba/Álava,17,2020,1,01
Araba/Álava,17,2021,4,01
Araba/Álava,17,2022,2,01
Araba/Álava,17,2023,2,01
Araba/Álava,17,2024,0,01
Araba/Álava,18,1996,8,01
Araba/Álava,18,1997,8,01
Araba/Álava,18,1998,13,01
Araba/Álava,18,1999,3,01
Araba/Álava,18,2000,6,01
Araba/Álava,18,2001,9,01
Araba/Álava,18,2002,12,01
Araba/Álava,18,2003,10,01
Araba/Álava,18,2004,7,01
Araba/Álava,18,2005,7,01
Araba/Álava,18,2006,13,01
Araba/Álava,18,2007,10,01
Araba/Álava,18,2008,15,01
Araba/Álava,18,2009,11,01
Araba/Álava,18,2010,13,01
Araba/Álava,18,2011,11,01
Araba/Álava,18,2012,14,01
Araba/Álava,18,2013,5,01
Araba/Álava,18,2014,10,01
Araba/Álava,18,2015,10,01
Araba/Álava,18,2016,12,01
Araba/Álava,18,2017,15,01
Araba/Álava,18,2018,8,01
Araba/Álava,18,2019,12,01
Araba/Álava,18,2020,6,01
Araba/Álava,18,2021,3,01
Araba/Álava,18,2022,9,01
Araba/Álava,18,2023,8,01
Araba/Álava,18,2024,2,01
Araba/Álava,19,1996,8,01
Araba/Álava,19,1997,19,01
Araba/Álava,19,1998,13,01
Araba/Álava,19,1999,8,01
Araba/Álava,19,2000,13,01
Araba/Álava,19,2001,14,01
Araba/Álava,19,2002,8,01
Araba/Álava,19,2003,6,01
Araba/Álava,19,2004,17,01
Araba/Álava,19,2005,11,01
Araba/Álava,19,2006,16,01
Araba/Álava,19,2007,17,01
Araba/Álava,19,2008,27,01
Araba/Álava,19,2009,28,01
Araba/Álava,19,2010,26,01
Araba/Álava,19,2011,21,01
Araba/Álava,19,2012,17,01
Araba/Álava,19,2013,15,01
Araba/Álava,19,2014,15,01
Araba/Álava,19,2015,18,01
Araba/Álava,19,2016,15,01
Araba/Álava,19,2017,13,01
Araba/Álava,19,2018,15,01
Araba/Álava,19,2019,14,01
Araba/Álava,19,2020,13,01
Araba/Álava,19,2021,6,01
Araba/Álava,19,2022,11,01
Araba/Álava,19,2023,11,01
Araba/Álava,19,2024,10,01
Araba/Álava,20,1996,8,01
Araba/Álava,20,1997,19,01
Araba/Álava,20,1998,17,01
Araba/Álava,20,1999,10,01
Araba/Álava,20,2000,20,01
Araba/Álava,20,2001,13,01
Araba/Álava,20,2002,19,01
Araba/Álava,20,2003,15,01
Araba/Álava,20,2004,17,01
Araba/Álava,20,2005,22,01
Araba/Álava,20,2006,29,01
Araba/Álava,20,2007,24,01
Araba/Álava,20,2008,32,01
Araba/Álava,20,2009,22,01
Araba/Álava,20,2010,19,01
Araba/Álava,20,2011,25,01
Araba/Álava,20,2012,30,01
Araba/Álava,20,2013,20,01
Araba/Álava,20,2014,17,01
Araba/Álava,20,2015,23,01
Araba/Álava,20,2016,22,01
Araba/Álava,20,2017,29,01
Araba/Álava,20,2018,16,01
Araba/Álava,20,2019,16,01
Araba/Álava,20,2020,17,01
Araba/Álava,20,2021,14,01
Araba/Álava,20,2022,15,01
Araba/Álava,20,2023,16,01
Araba/Álava,20,2024,25,01
Araba/Álava,21,1996,14,01
Araba/Álava,21,1997,21,01
Araba/Álava,21,1998,18,01
Araba/Álava,21,1999,21,01
Araba/Álava,21,2000,19,01
Araba/Álava,21,2001,11,01
Araba/Álava,21,2002,25,01
Araba/Álava,21,2003,26,01
Araba/Álava,21,2004,13,01
Araba/Álava,21,2005,25,01
Araba/Álava,21,2006,31,01
Araba/Álava,21,2007,34,01
Araba/Álava,21,2008,36,01
Araba/Álava,21,2009,30,01
Araba/Álava,21,2010,32,01
Araba/Álava,21,2011,37,01
Araba/Álava,21,2012,25,01
Araba/Álava,21,2013,19,01
Araba/Álava,21,2014,20,01
Araba/Álava,21,2015,18,01
Araba/Álava,21,2016,27,01
Araba/Álava,21,2017,23,01
Araba/Álava,21,2018,17,01
Araba/Álava,21,2019,20,01
Araba/Álava,21,2020,25,01
Araba/Álava,21,2021,13,01
Araba/Álava,21,2022,25,01
Araba/Álava,21,2023,24,01
Araba/Álava,21,2024,14,01
Araba/Álava,22,1996,23,01
Araba/Álava,22,1997,27,01
Araba/Álava,22,1998,16,01
Araba/Álava,22,1999,19,01
Araba/Álava,22,2000,21,01
Araba/Álava,22,2001,21,01
Araba/Álava,22,2002,23,01
Araba/Álava,22,2003,25,01
Araba/Álava,22,2004,31,01
Araba/Álava,22,2005,25,01
Araba/Álava,22,2006,38,01
Araba/Álava,22,2007,46,01
Araba/Álava,22,2008,47,01
Araba/Álava,22,2009,29,01
Araba/Álava,22,2010,38,01
Araba/Álava,22,2011,24,01
Araba/Álava,22,2012,27,01
Araba/Álava,22,2013,30,01
Araba/Álava,22,2014,34,01
Araba/Álava,22,2015,27,01
Araba/Álava,22,2016,22,01
Araba/Álava,22,2017,31,01
Araba/Álava,22,2018,25,01
Araba/Álava,22,2019,37,01
Araba/Álava,22,2020,33,01
Araba/Álava,22,2021,21,01
Araba/Álava,22,2022,29,01
Araba/Álava,22,2023,30,01
Araba/Álava,22,2024,23,01
Araba/Álava,23,1996,22,01
Araba/Álava,23,1997,25,01
Araba/Álava,23,1998,30,01
Araba/Álava,23,1999,25,01
Araba/Álava,23,2000,36,01
Araba/Álava,23,2001,28,01
Araba/Álava,23,2002,26,01
Araba/Álava,23,2003,30,01
Araba/Álava,23,2004,36,01
Araba/Álava,23,2005,26,01
Araba/Álava,23,2006,39,01
Araba/Álava,23,2007,42,01
Araba/Álava,23,2008,55,01
Araba/Álava,23,2009,50,01
Araba/Álava,23,2010,41,01
Araba/Álava,23,2011,43,01
Araba/Álava,23,2012,30,01
Araba/Álava,23,2013,30,01
Araba/Álava,23,2014,52,01
Araba/Álava,23,2015,33,01
Araba/Álava,23,2016,40,01
Araba/Álava,23,2017,26,01
Araba/Álava,23,2018,35,01
Araba/Álava,23,2019,42,01
Araba/Álava,23,2020,36,01
Araba/Álava,23,2021,28,01
Araba/Álava,23,2022,33,01
Araba/Álava,23,2023,31,01
Araba/Álava,23,2024,45,01
Araba/Álava,24,1996,41,01
Araba/Álava,24,1997,21,01
Araba/Álava,24,1998,35,01
Araba/Álava,24,1999,27,01
Araba/Álava,24,2000,34,01
Araba/Álava,24,2001,30,01
Araba/Álava,24,2002,40,01
Araba/Álava,24,2003,31,01
Araba/Álava,24,2004,38,01
Araba/Álava,24,2005,37,01
Araba/Álava,24,2006,43,01
Araba/Álava,24,2007,57,01
Araba/Álava,24,2008,41,01
Araba/Álava,24,2009,63,01
Araba/Álava,24,2010,59,01
Araba/Álava,24,2011,58,01
Araba/Álava,24,2012,45,01
Araba/Álava,24,2013,38,01
Araba/Álava,24,2014,42,01
Araba/Álava,24,2015,39,01
Araba/Álava,24,2016,42,01
Araba/Álava,24,2017,45,01
Araba/Álava,24,2018,38,01
Araba/Álava,24,2019,41,01
Araba/Álava,24,2020,31,01
Araba/Álava,24,2021,39,01
Araba/Álava,24,2022,45,01
Araba/Álava,24,2023,43,01
Araba/Álava,24,2024,37,01
Araba/Álava,25,1996,47,01
Araba/Álava,25,1997,42,01
Araba/Álava,25,1998,45,01
Araba/Álava,25,1999,44,01
Araba/Álava,25,2000,54,01
Araba/Álava,25,2001,43,01
Araba/Álava,25,2002,40,01
Araba/Álava,25,2003,55,01
Araba/Álava,25,2004,42,01
Araba/Álava,25,2005,38,01
Araba/Álava,25,2006,61,01
Araba/Álava,25,2007,57,01
Araba/Álava,25,2008,74,01
Araba/Álava,25,2009,79,01
Araba/Álava,25,2010,54,01
Araba/Álava,25,2011,59,01
Araba/Álava,25,2012,44,01
Araba/Álava,25,2013,64,01
Araba/Álava,25,2014,47,01
Araba/Álava,25,2015,51,01
Araba/Álava,25,2016,50,01
Araba/Álava,25,2017,58,01
Araba/Álava,25,2018,39,01
Araba/Álava,25,2019,36,01
Araba/Álava,25,2020,39,01
Araba/Álava,25,2021,42,01
Araba/Álava,25,2022,51,01
Araba/Álava,25,2023,42,01
Araba/Álava,25,2024,50,01
Araba/Álava,26,1996,80,01
Araba/Álava,26,1997,60,01
Araba/Álava,26,1998,55,01
Araba/Álava,26,1999,62,01
Araba/Álava,26,2000,54,01
Araba/Álava,26,2001,49,01
Araba/Álava,26,2002,56,01
Araba/Álava,26,2003,57,01
Araba/Álava,26,2004,79,01
Araba/Álava,26,2005,54,01
Araba/Álava,26,2006,58,01
Araba/Álava,26,2007,65,01
Araba/Álava,26,2008,61,01
Araba/Álava,26,2009,86,01
Araba/Álava,26,2010,79,01
Araba/Álava,26,2011,89,01
Araba/Álava,26,2012,59,01
Araba/Álava,26,2013,61,01
Araba/Álava,26,2014,84,01
Araba/Álava,26,2015,55,01
Araba/Álava,26,2016,47,01
Araba/Álava,26,2017,58,01
Araba/Álava,26,2018,60,01
Araba/Álava,26,2019,66,01
Araba/Álava,26,2020,46,01
Araba/Álava,26,2021,46,01
Araba/Álava,26,2022,46,01
Araba/Álava,26,2023,56,01
Araba/Álava,26,2024,55,01
Araba/Álava,27,1996,99,01
Araba/Álava,27,1997,105,01
Araba/Álava,27,1998,92,01
Araba/Álava,27,1999,81,01
Araba/Álava,27,2000,56,01
Araba/Álava,27,2001,85,01
Araba/Álava,27,2002,75,01
Araba/Álava,27,2003,81,01
Araba/Álava,27,2004,80,01
Araba/Álava,27,2005,78,01
Araba/Álava,27,2006,82,01
Araba/Álava,27,2007,92,01
Araba/Álava,27,2008,94,01
Araba/Álava,27,2009,88,01
Araba/Álava,27,2010,99,01
Araba/Álava,27,2011,82,01
Araba/Álava,27,2012,83,01
Araba/Álava,27,2013,72,01
Araba/Álava,27,2014,81,01
Araba/Álava,27,2015,74,01
Araba/Álava,27,2016,76,01
Araba/Álava,27,2017,71,01
Araba/Álava,27,2018,60,01
Araba/Álava,27,2019,68,01
Araba/Álava,27,2020,65,01
Araba/Álava,27,2021,50,01
Araba/Álava,27,2022,56,01
Araba/Álava,27,2023,54,01
Araba/Álava,27,2024,78,01
Araba/Álava,28,1996,138,01
Araba/Álava,28,1997,126,01
Araba/Álava,28,1998,114,01
Araba/Álava,28,1999,116,01
Araba/Álava,28,2000,105,01
Araba/Álava,28,2001,102,01
Araba/Álava,28,2002,110,01
Araba/Álava,28,2003,95,01
Araba/Álava,28,2004,127,01
Araba/Álava,28,2005,102,01
Araba/Álava,28,2006,106,01
Araba/Álava,28,2007,100,01
Araba/Álava,28,2008,109,01
Araba/Álava,28,2009,95,01
Araba/Álava,28,2010,97,01
Araba/Álava,28,2011,99,01
Araba/Álava,28,2012,118,01
Araba/Álava,28,2013,100,01
Araba/Álava,28,2014,86,01
Araba/Álava,28,2015,87,01
Araba/Álava,28,2016,99,01
Araba/Álava,28,2017,91,01
Araba/Álava,28,2018,88,01
Araba/Álava,28,2019,78,01
Araba/Álava,28,2020,74,01
Araba/Álava,28,2021,85,01
Araba/Álava,28,2022,55,01
Araba/Álava,28,2023,74,01
Araba/Álava,28,2024,66,01
Araba/Álava,29,1996,193,01
Araba/Álava,29,1997,151,01
Araba/Álava,29,1998,162,01
Araba/Álava,29,1999,176,01
Araba/Álava,29,2000,136,01
Araba/Álava,29,2001,151,01
Araba/Álava,29,2002,134,01
Araba/Álava,29,2003,146,01
Araba/Álava,29,2004,141,01
Araba/Álava,29,2005,149,01
Araba/Álava,29,2006,135,01
Araba/Álava,29,2007,173,01
Araba/Álava,29,2008,144,01
Araba/Álava,29,2009,162,01
Araba/Álava,29,2010,144,01
Araba/Álava,29,2011,140,01
Araba/Álava,29,2012,130,01
Araba/Álava,29,2013,129,01
Araba/Álava,29,2014,133,01
Araba/Álava,29,2015,126,01
Araba/Álava,29,2016,103,01
Araba/Álava,29,2017,120,01
Araba/Álava,29,2018,78,01
Araba/Álava,29,2019,100,01
Araba/Álava,29,2020,86,01
Araba/Álava,29,2021,90,01
Araba/Álava,29,2022,85,01
Araba/Álava,29,2023,66,01
Araba/Álava,29,2024,84,01
Araba/Álava,30,1996,227,01
Araba/Álava,30,1997,201,01
Araba/Álava,30,1998,180,01
Araba/Álava,30,1999,204,01
Araba/Álava,30,2000,193,01
Araba/Álava,30,2001,187,01
Araba/Álava,30,2002,171,01
Araba/Álava,30,2003,188,01
Araba/Álava,30,2004,201,01
Araba/Álava,30,2005,210,01
Araba/Álava,30,2006,212,01
Araba/Álava,30,2007,184,01
Araba/Álava,30,2008,151,01
Araba/Álava,30,2009,167,01
Araba/Álava,30,2010,169,01
Araba/Álava,30,2011,206,01
Araba/Álava,30,2012,183,01
Araba/Álava,30,2013,150,01
Araba/Álava,30,2014,160,01
Araba/Álava,30,2015,163,01
Araba/Álava,30,2016,144,01
Araba/Álava,30,2017,113,01
Araba/Álava,30,2018,133,01
Araba/Álava,30,2019,119,01
Araba/Álava,30,2020,103,01
Araba/Álava,30,2021,111,01
Araba/Álava,30,2022,106,01
Araba/Álava,30,2023,104,01
Araba/Álava,30,2024,85,01
Araba/Álava,31,1996,225,01
Araba/Álava,31,1997,213,01
Araba/Álava,31,1998,207,01
Araba/Álava,31,1999,192,01
Araba/Álava,31,2000,231,01
Araba/Álava,31,2001,197,01
Araba/Álava,31,2002,221,01
Araba/Álava,31,2003,254,01
Araba/Álava,31,2004,224,01
Araba/Álava,31,2005,236,01
Araba/Álava,31,2006,213,01
Araba/Álava,31,2007,229,01
Araba/Álava,31,2008,215,01
Araba/Álava,31,2009,242,01
Araba/Álava,31,2010,247,01
Araba/Álava,31,2011,205,01
Araba/Álava,31,2012,215,01
Araba/Álava,31,2013,194,01
Araba/Álava,31,2014,223,01
Araba/Álava,31,2015,191,01
Araba/Álava,31,2016,169,01
Araba/Álava,31,2017,152,01
Araba/Álava,31,2018,151,01
Araba/Álava,31,2019,156,01
Araba/Álava,31,2020,124,01
Araba/Álava,31,2021,133,01
Araba/Álava,31,2022,125,01
Araba/Álava,31,2023,106,01
Araba/Álava,31,2024,114,01
Araba/Álava,32,1996,212,01
Araba/Álava,32,1997,254,01
Araba/Álava,32,1998,237,01
Araba/Álava,32,1999,226,01
Araba/Álava,32,2000,255,01
Araba/Álava,32,2001,274,01
Araba/Álava,32,2002,241,01
Araba/Álava,32,2003,265,01
Araba/Álava,32,2004,251,01
Araba/Álava,32,2005,267,01
Araba/Álava,32,2006,263,01
Araba/Álava,32,2007,276,01
Araba/Álava,32,2008,249,01
Araba/Álava,32,2009,250,01
Araba/Álava,32,2010,245,01
Araba/Álava,32,2011,273,01
Araba/Álava,32,2012,248,01
Araba/Álava,32,2013,234,01
Araba/Álava,32,2014,242,01
Araba/Álava,32,2015,228,01
Araba/Álava,32,2016,208,01
Araba/Álava,32,2017,232,01
Araba/Álava,32,2018,186,01
Araba/Álava,32,2019,157,01
Araba/Álava,32,2020,188,01
Araba/Álava,32,2021,143,01
Araba/Álava,32,2022,134,01
Araba/Álava,32,2023,136,01
Araba/Álava,32,2024,124,01
Araba/Álava,33,1996,226,01
Araba/Álava,33,1997,193,01
Araba/Álava,33,1998,221,01
Araba/Álava,33,1999,241,01
Araba/Álava,33,2000,248,01
Araba/Álava,33,2001,222,01
Araba/Álava,33,2002,246,01
Araba/Álava,33,2003,257,01
Araba/Álava,33,2004,249,01
Araba/Álava,33,2005,285,01
Araba/Álava,33,2006,266,01
Araba/Álava,33,2007,286,01
Araba/Álava,33,2008,305,01
Araba/Álava,33,2009,329,01
Araba/Álava,33,2010,290,01
Araba/Álava,33,2011,313,01
Araba/Álava,33,2012,286,01
Araba/Álava,33,2013,239,01
Araba/Álava,33,2014,230,01
Araba/Álava,33,2015,246,01
Araba/Álava,33,2016,262,01
Araba/Álava,33,2017,226,01
Araba/Álava,33,2018,207,01
Araba/Álava,33,2019,170,01
Araba/Álava,33,2020,155,01
Araba/Álava,33,2021,182,01
Araba/Álava,33,2022,144,01
Araba/Álava,33,2023,151,01
Araba/Álava,33,2024,138,01
Araba/Álava,34,1996,200,01
Araba/Álava,34,1997,183,01
Araba/Álava,34,1998,209,01
Araba/Álava,34,1999,233,01
Araba/Álava,34,2000,245,01
Araba/Álava,34,2001,232,01
Araba/Álava,34,2002,214,01
Araba/Álava,34,2003,259,01
Araba/Álava,34,2004,280,01
Araba/Álava,34,2005,249,01
Araba/Álava,34,2006,283,01
Araba/Álava,34,2007,295,01
Araba/Álava,34,2008,289,01
Araba/Álava,34,2009,328,01
Araba/Álava,34,2010,320,01
Araba/Álava,34,2011,336,01
Araba/Álava,34,2012,321,01
Araba/Álava,34,2013,284,01
Araba/Álava,34,2014,285,01
Araba/Álava,34,2015,258,01
Araba/Álava,34,2016,254,01
Araba/Álava,34,2017,212,01
Araba/Álava,34,2018,201,01
Araba/Álava,34,2019,205,01
Araba/Álava,34,2020,190,01
Araba/Álava,34,2021,184,01
Araba/Álava,34,2022,206,01
Araba/Álava,34,2023,170,01
Araba/Álava,34,2024,146,01
Araba/Álava,35,1996,164,01
Araba/Álava,35,1997,162,01
Araba/Álava,35,1998,176,01
Araba/Álava,35,1999,199,01
Araba/Álava,35,2000,223,01
Araba/Álava,35,2001,209,01
Araba/Álava,35,2002,207,01
Araba/Álava,35,2003,223,01
Araba/Álava,35,2004,277,01
Araba/Álava,35,2005,253,01
Araba/Álava,35,2006,258,01
Araba/Álava,35,2007,259,01
Araba/Álava,35,2008,294,01
Araba/Álava,35,2009,280,01
Araba/Álava,35,2010,300,01
Araba/Álava,35,2011,310,01
Araba/Álava,35,2012,290,01
Araba/Álava,35,2013,291,01
Araba/Álava,35,2014,299,01
Araba/Álava,35,2015,289,01
Araba/Álava,35,2016,287,01
Araba/Álava,35,2017,272,01
Araba/Álava,35,2018,225,01
Araba/Álava,35,2019,249,01
Araba/Álava,35,2020,192,01
Araba/Álava,35,2021,179,01
Araba/Álava,35,2022,156,01
Araba/Álava,35,2023,185,01
Araba/Álava,35,2024,156,01
Araba/Álava,36,1996,102,01
Araba/Álava,36,1997,139,01
Araba/Álava,36,1998,136,01
Araba/Álava,36,1999,131,01
Araba/Álava,36,2000,160,01
Araba/Álava,36,2001,183,01
Araba/Álava,36,2002,192,01
Araba/Álava,36,2003,188,01
Araba/Álava,36,2004,192,01
Araba/Álava,36,2005,208,01
Araba/Álava,36,2006,181,01
Araba/Álava,36,2007,226,01
Araba/Álava,36,2008,260,01
Araba/Álava,36,2009,228,01
Araba/Álava,36,2010,291,01
Araba/Álava,36,2011,312,01
Araba/Álava,36,2012,283,01
Araba/Álava,36,2013,276,01
Araba/Álava,36,2014,294,01
Araba/Álava,36,2015,288,01
Araba/Álava,36,2016,252,01
Araba/Álava,36,2017,239,01
Araba/Álava,36,2018,219,01
Araba/Álava,36,2019,214,01
Araba/Álava,36,2020,199,01
Araba/Álava,36,2021,196,01
Araba/Álava,36,2022,178,01
Araba/Álava,36,2023,165,01
Araba/Álava,36,2024,186,01
Araba/Álava,37,1996,69,01
Araba/Álava,37,1997,104,01
Araba/Álava,37,1998,92,01
Araba/Álava,37,1999,114,01
Araba/Álava,37,2000,109,01
Araba/Álava,37,2001,124,01
Araba/Álava,37,2002,145,01
Araba/Álava,37,2003,151,01
Araba/Álava,37,2004,175,01
Araba/Álava,37,2005,141,01
Araba/Álava,37,2006,182,01
Araba/Álava,37,2007,166,01
Araba/Álava,37,2008,200,01
Araba/Álava,37,2009,193,01
Araba/Álava,37,2010,231,01
Araba/Álava,37,2011,221,01
Araba/Álava,37,2012,243,01
Araba/Álava,37,2013,228,01
Araba/Álava,37,2014,245,01
Araba/Álava,37,2015,243,01
Araba/Álava,37,2016,251,01
Araba/Álava,37,2017,213,01
Araba/Álava,37,2018,206,01
Araba/Álava,37,2019,192,01
Araba/Álava,37,2020,184,01
Araba/Álava,37,2021,195,01
Araba/Álava,37,2022,173,01
Araba/Álava,37,2023,181,01
Araba/Álava,37,2024,161,01
Araba/Álava,38,1996,49,01
Araba/Álava,38,1997,67,01
Araba/Álava,38,1998,71,01
Araba/Álava,38,1999,72,01
Araba/Álava,38,2000,131,01
Araba/Álava,38,2001,70,01
Araba/Álava,38,2002,103,01
Araba/Álava,38,2003,121,01
Araba/Álava,38,2004,119,01
Araba/Álava,38,2005,122,01
Araba/Álava,38,2006,136,01
Araba/Álava,38,2007,116,01
Araba/Álava,38,2008,156,01
Araba/Álava,38,2009,155,01
Araba/Álava,38,2010,164,01
Araba/Álava,38,2011,178,01
Araba/Álava,38,2012,185,01
Araba/Álava,38,2013,203,01
Araba/Álava,38,2014,210,01
Araba/Álava,38,2015,202,01
Araba/Álava,38,2016,192,01
Araba/Álava,38,2017,200,01
Araba/Álava,38,2018,187,01
Araba/Álava,38,2019,145,01
Araba/Álava,38,2020,133,01
Araba/Álava,38,2021,172,01
Araba/Álava,38,2022,136,01
Araba/Álava,38,2023,160,01
Araba/Álava,38,2024,113,01
Araba/Álava,39,1996,33,01
Araba/Álava,39,1997,30,01
Araba/Álava,39,1998,48,01
Araba/Álava,39,1999,45,01
Araba/Álava,39,2000,50,01
Araba/Álava,39,2001,72,01
Araba/Álava,39,2002,69,01
Araba/Álava,39,2003,86,01
Araba/Álava,39,2004,71,01
Araba/Álava,39,2005,93,01
Araba/Álava,39,2006,96,01
Araba/Álava,39,2007,80,01
Araba/Álava,39,2008,128,01
Araba/Álava,39,2009,112,01
Araba/Álava,39,2010,133,01
Araba/Álava,39,2011,130,01
Araba/Álava,39,2012,147,01
Araba/Álava,39,2013,146,01
Araba/Álava,39,2014,156,01
Araba/Álava,39,2015,151,01
Araba/Álava,39,2016,152,01
Araba/Álava,39,2017,152,01
Araba/Álava,39,2018,165,01
Araba/Álava,39,2019,138,01
Araba/Álava,39,2020,132,01
Araba/Álava,39,2021,135,01
Araba/Álava,39,2022,124,01
Araba/Álava,39,2023,108,01
Araba/Álava,39,2024,104,01
Araba/Álava,40,1996,22,01
Araba/Álava,40,1997,26,01
Araba/Álava,40,1998,24,01
Araba/Álava,40,1999,29,01
Araba/Álava,40,2000,46,01
Araba/Álava,40,2001,43,01
Araba/Álava,40,2002,46,01
Araba/Álava,40,2003,43,01
Araba/Álava,40,2004,61,01
Araba/Álava,40,2005,60,01
Araba/Álava,40,2006,63,01
Araba/Álava,40,2007,60,01
Araba/Álava,40,2008,90,01
Araba/Álava,40,2009,78,01
Araba/Álava,40,2010,107,01
Araba/Álava,40,2011,101,01
Araba/Álava,40,2012,109,01
Araba/Álava,40,2013,101,01
Araba/Álava,40,2014,115,01
Araba/Álava,40,2015,131,01
Araba/Álava,40,2016,131,01
Araba/Álava,40,2017,143,01
Araba/Álava,40,2018,117,01
Araba/Álava,40,2019,94,01
Araba/Álava,40,2020,111,01
Araba/Álava,40,2021,91,01
Araba/Álava,40,2022,124,01
Araba/Álava,40,2023,102,01
Araba/Álava,40,2024,96,01
Araba/Álava,41,1996,12,01
Araba/Álava,41,1997,12,01
Araba/Álava,41,1998,13,01
Araba/Álava,41,1999,15,01
Araba/Álava,41,2000,13,01
Araba/Álava,41,2001,32,01
Araba/Álava,41,2002,22,01
Araba/Álava,41,2003,42,01
Araba/Álava,41,2004,32,01
Araba/Álava,41,2005,39,01
Araba/Álava,41,2006,46,01
Araba/Álava,41,2007,50,01
Araba/Álava,41,2008,49,01
Araba/Álava,41,2009,48,01
Araba/Álava,41,2010,60,01
Araba/Álava,41,2011,52,01
Araba/Álava,41,2012,57,01
Araba/Álava,41,2013,58,01
Araba/Álava,41,2014,70,01
Araba/Álava,41,2015,76,01
Araba/Álava,41,2016,78,01
Araba/Álava,41,2017,86,01
Araba/Álava,41,2018,75,01
Araba/Álava,41,2019,71,01
Araba/Álava,41,2020,77,01
Araba/Álava,41,2021,80,01
Araba/Álava,41,2022,63,01
Araba/Álava,41,2023,68,01
Araba/Álava,41,2024,60,01
Araba/Álava,42,1996,9,01
Araba/Álava,42,1997,7,01
Araba/Álava,42,1998,5,01
Araba/Álava,42,1999,10,01
Araba/Álava,42,2000,9,01
Araba/Álava,42,2001,19,01
Araba/Álava,42,2002,18,01
Araba/Álava,42,2003,14,01
Araba/Álava,42,2004,21,01
Araba/Álava,42,2005,25,01
Araba/Álava,42,2006,29,01
Araba/Álava,42,2007,32,01
Araba/Álava,42,2008,32,01
Araba/Álava,42,2009,21,01
Araba/Álava,42,2010,35,01
Araba/Álava,42,2011,51,01
Araba/Álava,42,2012,38,01
Araba/Álava,42,2013,33,01
Araba/Álava,42,2014,48,01
Araba/Álava,42,2015,50,01
Araba/Álava,42,2016,59,01
Araba/Álava,42,2017,47,01
Araba/Álava,42,2018,51,01
Araba/Álava,42,2019,50,01
Araba/Álava,42,2020,56,01
Araba/Álava,42,2021,47,01
Araba/Álava,42,2022,67,01
Araba/Álava,42,2023,48,01
Araba/Álava,42,2024,43,01
Araba/Álava,43,1996,2,01
Araba/Álava,43,1997,5,01
Araba/Álava,43,1998,6,01
Araba/Álava,43,1999,9,01
Araba/Álava,43,2000,6,01
Araba/Álava,43,2001,2,01
Araba/Álava,43,2002,7,01
Araba/Álava,43,2003,11,01
Araba/Álava,43,2004,13,01
Araba/Álava,43,2005,18,01
Araba/Álava,43,2006,13,01
Araba/Álava,43,2007,18,01
Araba/Álava,43,2008,27,01
Araba/Álava,43,2009,14,01
Araba/Álava,43,2010,16,01
Araba/Álava,43,2011,19,01
Araba/Álava,43,2012,20,01
Araba/Álava,43,2013,33,01
Araba/Álava,43,2014,27,01
Araba/Álava,43,2015,32,01
Araba/Álava,43,2016,27,01
Araba/Álava,43,2017,39,01
Araba/Álava,43,2018,35,01
Araba/Álava,43,2019,32,01
Araba/Álava,43,2020,37,01
Araba/Álava,43,2021,33,01
Araba/Álava,43,2022,27,01
Araba/Álava,43,2023,27,01
Araba/Álava,43,2024,29,01
Araba/Álava,44,1996,6,01
Araba/Álava,44,1997,1,01
Araba/Álava,44,1998,3,01
Araba/Álava,44,1999,3,01
Araba/Álava,44,2000,2,01
Araba/Álava,44,2001,4,01
Araba/Álava,44,2002,5,01
Araba/Álava,44,2003,5,01
Araba/Álava,44,2004,3,01
Araba/Álava,44,2005,1,01
Araba/Álava,44,2006,5,01
Araba/Álava,44,2007,10,01
Araba/Álava,44,2008,3,01
Araba/Álava,44,2009,12,01
Araba/Álava,44,2010,16,01
Araba/Álava,44,2011,8,01
Araba/Álava,44,2012,21,01
Araba/Álava,44,2013,15,01
Araba/Álava,44,2014,19,01
Araba/Álava,44,2015,12,01
Araba/Álava,44,2016,20,01
Araba/Álava,44,2017,24,01
Araba/Álava,44,2018,22,01
Araba/Álava,44,2019,12,01
Araba/Álava,44,2020,19,01
Araba/Álava,44,2021,21,01
Araba/Álava,44,2022,17,01
Araba/Álava,44,2023,20,01
Araba/Álava,44,2024,21,01
Araba/Álava,45,1996,1,01
Araba/Álava,45,1997,1,01
Araba/Álava,45,1998,1,01
Araba/Álava,45,1999,0,01
Araba/Álava,45,2000,3,01
Araba/Álava,45,2001,3,01
Araba/Álava,45,2002,0,01
Araba/Álava,45,2003,2,01
Araba/Álava,45,2004,3,01
Araba/Álava,45,2005,2,01
Araba/Álava,45,2006,3,01
Araba/Álava,45,2007,7,01
Araba/Álava,45,2008,8,01
Araba/Álava,45,2009,6,01
Araba/Álava,45,2010,6,01
Araba/Álava,45,2011,10,01
Araba/Álava,45,2012,12,01
Araba/Álava,45,2013,8,01
Araba/Álava,45,2014,10,01
Araba/Álava,45,2015,12,01
Araba/Álava,45,2016,7,01
Araba/Álava,45,2017,14,01
Araba/Álava,45,2018,5,01
Araba/Álava,45,2019,13,01
Araba/Álava,45,2020,9,01
Araba/Álava,45,2021,7,01
Araba/Álava,45,2022,8,01
Araba/Álava,45,2023,13,01
Araba/Álava,45,2024,11,01
Araba/Álava,>= 46,1996,1,01
Araba/Álava,>= 46,1997,0,01
Araba/Álava,>= 46,1998,0,01
Araba/Álava,>= 46,1999,0,01
Araba/Álava,>= 46,2000,3,01
Araba/Álava,>= 46,2001,1,01
Araba/Álava,>= 46,2002,3,01
Araba/Álava,>= 46,2003,4,01
Araba/Álava,>= 46,2004,2,01
Araba/Álava,>= 46,2005,0,01
Araba/Álava,>= 46,2006,9,01
Araba/Álava,>= 46,2007,4,01
Araba/Álava,>= 46,2008,7,01
Araba/Álava,>= 46,2009,7,01
Araba/Álava,>= 46,2010,11,01
Araba/Álava,>= 46,2011,6,01
Araba/Álava,>= 46,2012,8,01
Araba/Álava,>= 46,2013,12,01
Araba/Álava,>= 46,2014,12,01
Araba/Álava,>= 46,2015,20,01
Araba/Álava,>= 46,2016,19,01
Araba/Álava,>= 46,2017,9,01
Araba/Álava,>= 46,2018,13,01
Araba/Álava,>= 46,2019,14,01
Araba/Álava,>= 46,2020,16,01
Araba/Álava,>= 46,2021,17,01
Araba/Álava,>= 46,2022,15,01
Araba/Álava,>= 46,2023,15,01
Araba/Álava,>= 46,2024,16,01
Bizkaia,Total,1996,8150,48
Bizkaia,Total,1997,8333,48
Bizkaia,Total,1998,8216,48
Bizkaia,Total,1999,8599,48
Bizkaia,Total,2000,8818,48
Bizkaia,Total,2001,9040,48
Bizkaia,Total,2002,9372,48
Bizkaia,Total,2003,9806,48
Bizkaia,Total,2004,9996,48
Bizkaia,Total,2005,10122,48
Bizkaia,Total,2006,10087,48
Bizkaia,Total,2007,10416,48
Bizkaia,Total,2008,10861,48
Bizkaia,Total,2009,10540,48
Bizkaia,Total,2010,10598,48
Bizkaia,Total,2011,10687,48
Bizkaia,Total,2012,10342,48
Bizkaia,Total,2013,9732,48
Bizkaia,Total,2014,9740,48
Bizkaia,Total,2015,9331,48
Bizkaia,Total,2016,9151,48
Bizkaia,Total,2017,8522,48
Bizkaia,Total,2018,7940,48
Bizkaia,Total,2019,7720,48
Bizkaia,Total,2020,7318,48
Bizkaia,Total,2021,6957,48
Bizkaia,Total,2022,6861,48
Bizkaia,Total,2023,6671,48
Bizkaia,Total,2024,6421,48
Bizkaia,<= 15,1996,5,48
Bizkaia,<= 15,1997,1,48
Bizkaia,<= 15,1998,4,48
Bizkaia,<= 15,1999,3,48
Bizkaia,<= 15,2000,2,48
Bizkaia,<= 15,2001,4,48
Bizkaia,<= 15,2002,6,48
Bizkaia,<= 15,2003,9,48
Bizkaia,<= 15,2004,2,48
Bizkaia,<= 15,2005,5,48
Bizkaia,<= 15,2006,10,48
Bizkaia,<= 15,2007,7,48
Bizkaia,<= 15,2008,11,48
Bizkaia,<= 15,2009,8,48
Bizkaia,<= 15,2010,2,48
Bizkaia,<= 15,2011,2,48
Bizkaia,<= 15,2012,8,48
Bizkaia,<= 15,2013,6,48
Bizkaia,<= 15,2014,4,48
Bizkaia,<= 15,2015,4,48
Bizkaia,<= 15,2016,2,48
Bizkaia,<= 15,2017,2,48
Bizkaia,<= 15,2018,4,48
Bizkaia,<= 15,2019,4,48
Bizkaia,<= 15,2020,4,48
Bizkaia,<= 15,2021,5,48
Bizkaia,<= 15,2022,5,48
Bizkaia,<= 15,2023,1,48
Bizkaia,<= 15,2024,3,48
Bizkaia,16,1996,4,48
Bizkaia,16,1997,7,48
Bizkaia,16,1998,7,48
Bizkaia,16,1999,6,48
Bizkaia,16,2000,7,48
Bizkaia,16,2001,7,48
Bizkaia,16,2002,8,48
Bizkaia,16,2003,2,48
Bizkaia,16,2004,7,48
Bizkaia,16,2005,6,48
Bizkaia,16,2006,10,48
Bizkaia,16,2007,15,48
Bizkaia,16,2008,13,48
Bizkaia,16,2009,14,48
Bizkaia,16,2010,9,48
Bizkaia,16,2011,9,48
Bizkaia,16,2012,8,48
Bizkaia,16,2013,12,48
Bizkaia,16,2014,14,48
Bizkaia,16,2015,12,48
Bizkaia,16,2016,7,48
Bizkaia,16,2017,1,48
Bizkaia,16,2018,6,48
Bizkaia,16,2019,6,48
Bizkaia,16,2020,8,48
Bizkaia,16,2021,6,48
Bizkaia,16,2022,6,48
Bizkaia,16,2023,8,48
Bizkaia,16,2024,5,48
Bizkaia,17,1996,11,48
Bizkaia,17,1997,15,48
Bizkaia,17,1998,17,48
Bizkaia,17,1999,24,48
Bizkaia,17,2000,15,48
Bizkaia,17,2001,15,48
Bizkaia,17,2002,19,48
Bizkaia,17,2003,19,48
Bizkaia,17,2004,17,48
Bizkaia,17,2005,22,48
Bizkaia,17,2006,25,48
Bizkaia,17,2007,16,48
Bizkaia,17,2008,20,48
Bizkaia,17,2009,20,48
Bizkaia,17,2010,20,48
Bizkaia,17,2011,15,48
Bizkaia,17,2012,15,48
Bizkaia,17,2013,18,48
Bizkaia,17,2014,20,48
Bizkaia,17,2015,12,48
Bizkaia,17,2016,8,48
Bizkaia,17,2017,13,48
Bizkaia,17,2018,14,48
Bizkaia,17,2019,13,48
Bizkaia,17,2020,15,48
Bizkaia,17,2021,13,48
Bizkaia,17,2022,13,48
Bizkaia,17,2023,8,48
Bizkaia,17,2024,13,48
Bizkaia,18,1996,23,48
Bizkaia,18,1997,27,48
Bizkaia,18,1998,18,48
Bizkaia,18,1999,28,48
Bizkaia,18,2000,22,48
Bizkaia,18,2001,20,48
Bizkaia,18,2002,23,48
Bizkaia,18,2003,34,48
Bizkaia,18,2004,26,48
Bizkaia,18,2005,36,48
Bizkaia,18,2006,29,48
Bizkaia,18,2007,40,48
Bizkaia,18,2008,39,48
Bizkaia,18,2009,34,48
Bizkaia,18,2010,40,48
Bizkaia,18,2011,34,48
Bizkaia,18,2012,33,48
Bizkaia,18,2013,32,48
Bizkaia,18,2014,29,48
Bizkaia,18,2015,26,48
Bizkaia,18,2016,28,48
Bizkaia,18,2017,35,48
Bizkaia,18,2018,15,48
Bizkaia,18,2019,27,48
Bizkaia,18,2020,26,48
Bizkaia,18,2021,25,48
Bizkaia,18,2022,16,48
Bizkaia,18,2023,23,48
Bizkaia,18,2024,7,48
Bizkaia,19,1996,48,48
Bizkaia,19,1997,38,48
Bizkaia,19,1998,35,48
Bizkaia,19,1999,33,48
Bizkaia,19,2000,42,48
Bizkaia,19,2001,36,48
Bizkaia,19,2002,34,48
Bizkaia,19,2003,44,48
Bizkaia,19,2004,58,48
Bizkaia,19,2005,42,48
Bizkaia,19,2006,46,48
Bizkaia,19,2007,58,48
Bizkaia,19,2008,69,48
Bizkaia,19,2009,45,48
Bizkaia,19,2010,44,48
Bizkaia,19,2011,40,48
Bizkaia,19,2012,63,48
Bizkaia,19,2013,38,48
Bizkaia,19,2014,50,48
Bizkaia,19,2015,41,48
Bizkaia,19,2016,41,48
Bizkaia,19,2017,39,48
Bizkaia,19,2018,31,48
Bizkaia,19,2019,29,48
Bizkaia,19,2020,24,48
Bizkaia,19,2021,34,48
Bizkaia,19,2022,35,48
Bizkaia,19,2023,32,48
Bizkaia,19,2024,29,48
Bizkaia,20,1996,63,48
Bizkaia,20,1997,49,48
Bizkaia,20,1998,61,48
Bizkaia,20,1999,56,48
Bizkaia,20,2000,47,48
Bizkaia,20,2001,44,48
Bizkaia,20,2002,62,48
Bizkaia,20,2003,62,48
Bizkaia,20,2004,48,48
Bizkaia,20,2005,53,48
Bizkaia,20,2006,55,48
Bizkaia,20,2007,65,48
Bizkaia,20,2008,82,48
Bizkaia,20,2009,70,48
Bizkaia,20,2010,65,48
Bizkaia,20,2011,52,48
Bizkaia,20,2012,56,48
Bizkaia,20,2013,66,48
Bizkaia,20,2014,59,48
Bizkaia,20,2015,61,48
Bizkaia,20,2016,54,48
Bizkaia,20,2017,41,48
Bizkaia,20,2018,46,48
Bizkaia,20,2019,64,48
Bizkaia,20,2020,54,48
Bizkaia,20,2021,39,48
Bizkaia,20,2022,37,48
Bizkaia,20,2023,53,48
Bizkaia,20,2024,43,48
Bizkaia,21,1996,53,48
Bizkaia,21,1997,83,48
Bizkaia,21,1998,64,48
Bizkaia,21,1999,53,48
Bizkaia,21,2000,65,48
Bizkaia,21,2001,58,48
Bizkaia,21,2002,68,48
Bizkaia,21,2003,78,48
Bizkaia,21,2004,73,48
Bizkaia,21,2005,75,48
Bizkaia,21,2006,77,48
Bizkaia,21,2007,93,48
Bizkaia,21,2008,98,48
Bizkaia,21,2009,101,48
Bizkaia,21,2010,81,48
Bizkaia,21,2011,80,48
Bizkaia,21,2012,76,48
Bizkaia,21,2013,60,48
Bizkaia,21,2014,60,48
Bizkaia,21,2015,50,48
Bizkaia,21,2016,58,48
Bizkaia,21,2017,65,48
Bizkaia,21,2018,56,48
Bizkaia,21,2019,68,48
Bizkaia,21,2020,56,48
Bizkaia,21,2021,60,48
Bizkaia,21,2022,51,48
Bizkaia,21,2023,74,48
Bizkaia,21,2024,71,48
Bizkaia,22,1996,80,48
Bizkaia,22,1997,69,48
Bizkaia,22,1998,90,48
Bizkaia,22,1999,62,48
Bizkaia,22,2000,93,48
Bizkaia,22,2001,70,48
Bizkaia,22,2002,84,48
Bizkaia,22,2003,72,48
Bizkaia,22,2004,85,48
Bizkaia,22,2005,85,48
Bizkaia,22,2006,88,48
Bizkaia,22,2007,115,48
Bizkaia,22,2008,130,48
Bizkaia,22,2009,113,48
Bizkaia,22,2010,101,48
Bizkaia,22,2011,86,48
Bizkaia,22,2012,76,48
Bizkaia,22,2013,59,48
Bizkaia,22,2014,78,48
Bizkaia,22,2015,69,48
Bizkaia,22,2016,77,48
Bizkaia,22,2017,65,48
Bizkaia,22,2018,81,48
Bizkaia,22,2019,88,48
Bizkaia,22,2020,69,48
Bizkaia,22,2021,63,48
Bizkaia,22,2022,85,48
Bizkaia,22,2023,56,48
Bizkaia,22,2024,83,48
Bizkaia,23,1996,104,48
Bizkaia,23,1997,95,48
Bizkaia,23,1998,80,48
Bizkaia,23,1999,81,48
Bizkaia,23,2000,93,48
Bizkaia,23,2001,103,48
Bizkaia,23,2002,91,48
Bizkaia,23,2003,98,48
Bizkaia,23,2004,96,48
Bizkaia,23,2005,103,48
Bizkaia,23,2006,94,48
Bizkaia,23,2007,132,48
Bizkaia,23,2008,126,48
Bizkaia,23,2009,116,48
Bizkaia,23,2010,113,48
Bizkaia,23,2011,115,48
Bizkaia,23,2012,99,48
Bizkaia,23,2013,84,48
Bizkaia,23,2014,77,48
Bizkaia,23,2015,85,48
Bizkaia,23,2016,70,48
Bizkaia,23,2017,85,48
Bizkaia,23,2018,89,48
Bizkaia,23,2019,82,48
Bizkaia,23,2020,82,48
Bizkaia,23,2021,87,48
Bizkaia,23,2022,95,48
Bizkaia,23,2023,87,48
Bizkaia,23,2024,76,48
Bizkaia,24,1996,116,48
Bizkaia,24,1997,100,48
Bizkaia,24,1998,97,48
Bizkaia,24,1999,103,48
Bizkaia,24,2000,136,48
Bizkaia,24,2001,115,48
Bizkaia,24,2002,118,48
Bizkaia,24,2003,125,48
Bizkaia,24,2004,123,48
Bizkaia,24,2005,115,48
Bizkaia,24,2006,114,48
Bizkaia,24,2007,133,48
Bizkaia,24,2008,138,48
Bizkaia,24,2009,140,48
Bizkaia,24,2010,134,48
Bizkaia,24,2011,120,48
Bizkaia,24,2012,93,48
Bizkaia,24,2013,105,48
Bizkaia,24,2014,108,48
Bizkaia,24,2015,72,48
Bizkaia,24,2016,96,48
Bizkaia,24,2017,88,48
Bizkaia,24,2018,116,48
Bizkaia,24,2019,108,48
Bizkaia,24,2020,102,48
Bizkaia,24,2021,80,48
Bizkaia,24,2022,92,48
Bizkaia,24,2023,79,48
Bizkaia,24,2024,101,48
Bizkaia,25,1996,202,48
Bizkaia,25,1997,178,48
Bizkaia,25,1998,138,48
Bizkaia,25,1999,141,48
Bizkaia,25,2000,142,48
Bizkaia,25,2001,143,48
Bizkaia,25,2002,135,48
Bizkaia,25,2003,135,48
Bizkaia,25,2004,163,48
Bizkaia,25,2005,138,48
Bizkaia,25,2006,152,48
Bizkaia,25,2007,177,48
Bizkaia,25,2008,156,48
Bizkaia,25,2009,166,48
Bizkaia,25,2010,153,48
Bizkaia,25,2011,164,48
Bizkaia,25,2012,160,48
Bizkaia,25,2013,116,48
Bizkaia,25,2014,152,48
Bizkaia,25,2015,135,48
Bizkaia,25,2016,121,48
Bizkaia,25,2017,108,48
Bizkaia,25,2018,97,48
Bizkaia,25,2019,125,48
Bizkaia,25,2020,128,48
Bizkaia,25,2021,95,48
Bizkaia,25,2022,94,48
Bizkaia,25,2023,124,48
Bizkaia,25,2024,131,48
Bizkaia,26,1996,218,48
Bizkaia,26,1997,249,48
Bizkaia,26,1998,193,48
Bizkaia,26,1999,192,48
Bizkaia,26,2000,203,48
Bizkaia,26,2001,203,48
Bizkaia,26,2002,182,48
Bizkaia,26,2003,180,48
Bizkaia,26,2004,207,48
Bizkaia,26,2005,186,48
Bizkaia,26,2006,207,48
Bizkaia,26,2007,206,48
Bizkaia,26,2008,214,48
Bizkaia,26,2009,180,48
Bizkaia,26,2010,186,48
Bizkaia,26,2011,181,48
Bizkaia,26,2012,191,48
Bizkaia,26,2013,160,48
Bizkaia,26,2014,145,48
Bizkaia,26,2015,137,48
Bizkaia,26,2016,159,48
Bizkaia,26,2017,136,48
Bizkaia,26,2018,123,48
Bizkaia,26,2019,134,48
Bizkaia,26,2020,114,48
Bizkaia,26,2021,118,48
Bizkaia,26,2022,104,48
Bizkaia,26,2023,125,48
Bizkaia,26,2024,140,48
Bizkaia,27,1996,348,48
Bizkaia,27,1997,294,48
Bizkaia,27,1998,301,48
Bizkaia,27,1999,262,48
Bizkaia,27,2000,260,48
Bizkaia,27,2001,248,48
Bizkaia,27,2002,290,48
Bizkaia,27,2003,242,48
Bizkaia,27,2004,268,48
Bizkaia,27,2005,245,48
Bizkaia,27,2006,269,48
Bizkaia,27,2007,256,48
Bizkaia,27,2008,280,48
Bizkaia,27,2009,219,48
Bizkaia,27,2010,238,48
Bizkaia,27,2011,234,48
Bizkaia,27,2012,220,48
Bizkaia,27,2013,197,48
Bizkaia,27,2014,183,48
Bizkaia,27,2015,183,48
Bizkaia,27,2016,191,48
Bizkaia,27,2017,174,48
Bizkaia,27,2018,144,48
Bizkaia,27,2019,151,48
Bizkaia,27,2020,169,48
Bizkaia,27,2021,149,48
Bizkaia,27,2022,137,48
Bizkaia,27,2023,150,48
Bizkaia,27,2024,140,48
Bizkaia,28,1996,463,48
Bizkaia,28,1997,443,48
Bizkaia,28,1998,431,48
Bizkaia,28,1999,396,48
Bizkaia,28,2000,351,48
Bizkaia,28,2001,356,48
Bizkaia,28,2002,403,48
Bizkaia,28,2003,357,48
Bizkaia,28,2004,391,48
Bizkaia,28,2005,367,48
Bizkaia,28,2006,384,48
Bizkaia,28,2007,351,48
Bizkaia,28,2008,369,48
Bizkaia,28,2009,340,48
Bizkaia,28,2010,322,48
Bizkaia,28,2011,308,48
Bizkaia,28,2012,277,48
Bizkaia,28,2013,234,48
Bizkaia,28,2014,259,48
Bizkaia,28,2015,207,48
Bizkaia,28,2016,262,48
Bizkaia,28,2017,246,48
Bizkaia,28,2018,213,48
Bizkaia,28,2019,193,48
Bizkaia,28,2020,200,48
Bizkaia,28,2021,176,48
Bizkaia,28,2022,169,48
Bizkaia,28,2023,180,48
Bizkaia,28,2024,172,48
Bizkaia,29,1996,647,48
Bizkaia,29,1997,574,48
Bizkaia,29,1998,555,48
Bizkaia,29,1999,515,48
Bizkaia,29,2000,547,48
Bizkaia,29,2001,510,48
Bizkaia,29,2002,492,48
Bizkaia,29,2003,535,48
Bizkaia,29,2004,516,48
Bizkaia,29,2005,497,48
Bizkaia,29,2006,473,48
Bizkaia,29,2007,481,48
Bizkaia,29,2008,447,48
Bizkaia,29,2009,415,48
Bizkaia,29,2010,444,48
Bizkaia,29,2011,440,48
Bizkaia,29,2012,367,48
Bizkaia,29,2013,360,48
Bizkaia,29,2014,364,48
Bizkaia,29,2015,352,48
Bizkaia,29,2016,304,48
Bizkaia,29,2017,300,48
Bizkaia,29,2018,265,48
Bizkaia,29,2019,226,48
Bizkaia,29,2020,262,48
Bizkaia,29,2021,207,48
Bizkaia,29,2022,230,48
Bizkaia,29,2023,242,48
Bizkaia,29,2024,192,48
Bizkaia,30,1996,710,48
Bizkaia,30,1997,705,48
Bizkaia,30,1998,683,48
Bizkaia,30,1999,681,48
Bizkaia,30,2000,741,48
Bizkaia,30,2001,680,48
Bizkaia,30,2002,714,48
Bizkaia,30,2003,690,48
Bizkaia,30,2004,665,48
Bizkaia,30,2005,681,48
Bizkaia,30,2006,699,48
Bizkaia,30,2007,646,48
Bizkaia,30,2008,645,48
Bizkaia,30,2009,642,48
Bizkaia,30,2010,598,48
Bizkaia,30,2011,550,48
Bizkaia,30,2012,489,48
Bizkaia,30,2013,473,48
Bizkaia,30,2014,438,48
Bizkaia,30,2015,428,48
Bizkaia,30,2016,404,48
Bizkaia,30,2017,367,48
Bizkaia,30,2018,348,48
Bizkaia,30,2019,314,48
Bizkaia,30,2020,337,48
Bizkaia,30,2021,309,48
Bizkaia,30,2022,279,48
Bizkaia,30,2023,277,48
Bizkaia,30,2024,271,48
Bizkaia,31,1996,851,48
Bizkaia,31,1997,855,48
Bizkaia,31,1998,750,48
Bizkaia,31,1999,787,48
Bizkaia,31,2000,805,48
Bizkaia,31,2001,818,48
Bizkaia,31,2002,797,48
Bizkaia,31,2003,859,48
Bizkaia,31,2004,817,48
Bizkaia,31,2005,829,48
Bizkaia,31,2006,794,48
Bizkaia,31,2007,836,48
Bizkaia,31,2008,782,48
Bizkaia,31,2009,770,48
Bizkaia,31,2010,712,48
Bizkaia,31,2011,695,48
Bizkaia,31,2012,600,48
Bizkaia,31,2013,603,48
Bizkaia,31,2014,565,48
Bizkaia,31,2015,562,48
Bizkaia,31,2016,544,48
Bizkaia,31,2017,463,48
Bizkaia,31,2018,439,48
Bizkaia,31,2019,463,48
Bizkaia,31,2020,395,48
Bizkaia,31,2021,367,48
Bizkaia,31,2022,338,48
Bizkaia,31,2023,342,48
Bizkaia,31,2024,351,48
Bizkaia,32,1996,879,48
Bizkaia,32,1997,898,48
Bizkaia,32,1998,822,48
Bizkaia,32,1999,870,48
Bizkaia,32,2000,853,48
Bizkaia,32,2001,854,48
Bizkaia,32,2002,886,48
Bizkaia,32,2003,945,48
Bizkaia,32,2004,934,48
Bizkaia,32,2005,907,48
Bizkaia,32,2006,922,48
Bizkaia,32,2007,925,48
Bizkaia,32,2008,885,48
Bizkaia,32,2009,891,48
Bizkaia,32,2010,888,48
Bizkaia,32,2011,850,48
Bizkaia,32,2012,806,48
Bizkaia,32,2013,740,48
Bizkaia,32,2014,685,48
Bizkaia,32,2015,676,48
Bizkaia,32,2016,595,48
Bizkaia,32,2017,586,48
Bizkaia,32,2018,494,48
Bizkaia,32,2019,516,48
Bizkaia,32,2020,467,48
Bizkaia,32,2021,448,48
Bizkaia,32,2022,418,48
Bizkaia,32,2023,436,48
Bizkaia,32,2024,419,48
Bizkaia,33,1996,796,48
Bizkaia,33,1997,841,48
Bizkaia,33,1998,830,48
Bizkaia,33,1999,890,48
Bizkaia,33,2000,845,48
Bizkaia,33,2001,856,48
Bizkaia,33,2002,899,48
Bizkaia,33,2003,897,48
Bizkaia,33,2004,943,48
Bizkaia,33,2005,979,48
Bizkaia,33,2006,936,48
Bizkaia,33,2007,973,48
Bizkaia,33,2008,1036,48
Bizkaia,33,2009,975,48
Bizkaia,33,2010,950,48
Bizkaia,33,2011,955,48
Bizkaia,33,2012,896,48
Bizkaia,33,2013,814,48
Bizkaia,33,2014,839,48
Bizkaia,33,2015,756,48
Bizkaia,33,2016,686,48
Bizkaia,33,2017,655,48
Bizkaia,33,2018,647,48
Bizkaia,33,2019,567,48
Bizkaia,33,2020,540,48
Bizkaia,33,2021,524,48
Bizkaia,33,2022,500,48
Bizkaia,33,2023,489,48
Bizkaia,33,2024,485,48
Bizkaia,34,1996,639,48
Bizkaia,34,1997,726,48
Bizkaia,34,1998,790,48
Bizkaia,34,1999,809,48
Bizkaia,34,2000,822,48
Bizkaia,34,2001,853,48
Bizkaia,34,2002,845,48
Bizkaia,34,2003,931,48
Bizkaia,34,2004,971,48
Bizkaia,34,2005,984,48
Bizkaia,34,2006,956,48
Bizkaia,34,2007,934,48
Bizkaia,34,2008,1022,48
Bizkaia,34,2009,1029,48
Bizkaia,34,2010,1041,48
Bizkaia,34,2011,1008,48
Bizkaia,34,2012,982,48
Bizkaia,34,2013,857,48
Bizkaia,34,2014,852,48
Bizkaia,34,2015,797,48
Bizkaia,34,2016,770,48
Bizkaia,34,2017,731,48
Bizkaia,34,2018,647,48
Bizkaia,34,2019,653,48
Bizkaia,34,2020,580,48
Bizkaia,34,2021,564,48
Bizkaia,34,2022,544,48
Bizkaia,34,2023,541,48
Bizkaia,34,2024,496,48
Bizkaia,35,1996,588,48
Bizkaia,35,1997,637,48
Bizkaia,35,1998,706,48
Bizkaia,35,1999,723,48
Bizkaia,35,2000,731,48
Bizkaia,35,2001,755,48
Bizkaia,35,2002,824,48
Bizkaia,35,2003,863,48
Bizkaia,35,2004,889,48
Bizkaia,35,2005,890,48
Bizkaia,35,2006,915,48
Bizkaia,35,2007,907,48
Bizkaia,35,2008,1013,48
Bizkaia,35,2009,989,48
Bizkaia,35,2010,983,48
Bizkaia,35,2011,1004,48
Bizkaia,35,2012,979,48
Bizkaia,35,2013,971,48
Bizkaia,35,2014,937,48
Bizkaia,35,2015,819,48
Bizkaia,35,2016,844,48
Bizkaia,35,2017,703,48
Bizkaia,35,2018,670,48
Bizkaia,35,2019,648,48
Bizkaia,35,2020,640,48
Bizkaia,35,2021,611,48
Bizkaia,35,2022,569,48
Bizkaia,35,2023,563,48
Bizkaia,35,2024,543,48
Bizkaia,36,1996,441,48
Bizkaia,36,1997,487,48
Bizkaia,36,1998,518,48
Bizkaia,36,1999,626,48
Bizkaia,36,2000,652,48
Bizkaia,36,2001,681,48
Bizkaia,36,2002,728,48
Bizkaia,36,2003,741,48
Bizkaia,36,2004,737,48
Bizkaia,36,2005,791,48
Bizkaia,36,2006,753,48
Bizkaia,36,2007,857,48
Bizkaia,36,2008,839,48
Bizkaia,36,2009,844,48
Bizkaia,36,2010,907,48
Bizkaia,36,2011,995,48
Bizkaia,36,2012,956,48
Bizkaia,36,2013,872,48
Bizkaia,36,2014,870,48
Bizkaia,36,2015,806,48
Bizkaia,36,2016,770,48
Bizkaia,36,2017,718,48
Bizkaia,36,2018,680,48
Bizkaia,36,2019,640,48
Bizkaia,36,2020,579,48
Bizkaia,36,2021,574,48
Bizkaia,36,2022,546,48
Bizkaia,36,2023,563,48
Bizkaia,36,2024,525,48
Bizkaia,37,1996,322,48
Bizkaia,37,1997,366,48
Bizkaia,37,1998,385,48
Bizkaia,37,1999,428,48
Bizkaia,37,2000,473,48
Bizkaia,37,2001,558,48
Bizkaia,37,2002,526,48
Bizkaia,37,2003,579,48
Bizkaia,37,2004,570,48
Bizkaia,37,2005,633,48
Bizkaia,37,2006,613,48
Bizkaia,37,2007,683,48
Bizkaia,37,2008,748,48
Bizkaia,37,2009,709,48
Bizkaia,37,2010,753,48
Bizkaia,37,2011,754,48
Bizkaia,37,2012,825,48
Bizkaia,37,2013,745,48
Bizkaia,37,2014,744,48
Bizkaia,37,2015,759,48
Bizkaia,37,2016,697,48
Bizkaia,37,2017,686,48
Bizkaia,37,2018,669,48
Bizkaia,37,2019,578,48
Bizkaia,37,2020,526,48
Bizkaia,37,2021,562,48
Bizkaia,37,2022,554,48
Bizkaia,37,2023,464,48
Bizkaia,37,2024,489,48
Bizkaia,38,1996,214,48
Bizkaia,38,1997,225,48
Bizkaia,38,1998,261,48
Bizkaia,38,1999,315,48
Bizkaia,38,2000,315,48
Bizkaia,38,2001,404,48
Bizkaia,38,2002,399,48
Bizkaia,38,2003,444,48
Bizkaia,38,2004,476,48
Bizkaia,38,2005,474,48
Bizkaia,38,2006,485,48
Bizkaia,38,2007,481,48
Bizkaia,38,2008,548,48
Bizkaia,38,2009,598,48
Bizkaia,38,2010,537,48
Bizkaia,38,2011,621,48
Bizkaia,38,2012,661,48
Bizkaia,38,2013,630,48
Bizkaia,38,2014,658,48
Bizkaia,38,2015,660,48
Bizkaia,38,2016,665,48
Bizkaia,38,2017,592,48
Bizkaia,38,2018,494,48
Bizkaia,38,2019,559,48
Bizkaia,38,2020,490,48
Bizkaia,38,2021,456,48
Bizkaia,38,2022,495,48
Bizkaia,38,2023,419,48
Bizkaia,38,2024,405,48
Bizkaia,39,1996,132,48
Bizkaia,39,1997,139,48
Bizkaia,39,1998,169,48
Bizkaia,39,1999,213,48
Bizkaia,39,2000,245,48
Bizkaia,39,2001,257,48
Bizkaia,39,2002,313,48
Bizkaia,39,2003,382,48
Bizkaia,39,2004,350,48
Bizkaia,39,2005,365,48
Bizkaia,39,2006,350,48
Bizkaia,39,2007,367,48
Bizkaia,39,2008,391,48
Bizkaia,39,2009,404,48
Bizkaia,39,2010,425,48
Bizkaia,39,2011,502,48
Bizkaia,39,2012,477,48
Bizkaia,39,2013,488,48
Bizkaia,39,2014,525,48
Bizkaia,39,2015,561,48
Bizkaia,39,2016,529,48
Bizkaia,39,2017,488,48
Bizkaia,39,2018,447,48
Bizkaia,39,2019,455,48
Bizkaia,39,2020,405,48
Bizkaia,39,2021,386,48
Bizkaia,39,2022,410,48
Bizkaia,39,2023,391,48
Bizkaia,39,2024,344,48
Bizkaia,40,1996,78,48
Bizkaia,40,1997,108,48
Bizkaia,40,1998,104,48
Bizkaia,40,1999,129,48
Bizkaia,40,2000,132,48
Bizkaia,40,2001,172,48
Bizkaia,40,2002,167,48
Bizkaia,40,2003,215,48
Bizkaia,40,2004,276,48
Bizkaia,40,2005,254,48
Bizkaia,40,2006,257,48
Bizkaia,40,2007,261,48
Bizkaia,40,2008,284,48
Bizkaia,40,2009,313,48
Bizkaia,40,2010,345,48
Bizkaia,40,2011,346,48
Bizkaia,40,2012,343,48
Bizkaia,40,2013,335,48
Bizkaia,40,2014,392,48
Bizkaia,40,2015,406,48
Bizkaia,40,2016,446,48
Bizkaia,40,2017,388,48
Bizkaia,40,2018,397,48
Bizkaia,40,2019,322,48
Bizkaia,40,2020,339,48
Bizkaia,40,2021,323,48
Bizkaia,40,2022,328,48
Bizkaia,40,2023,315,48
Bizkaia,40,2024,295,48
Bizkaia,41,1996,50,48
Bizkaia,41,1997,65,48
Bizkaia,41,1998,49,48
Bizkaia,41,1999,84,48
Bizkaia,41,2000,82,48
Bizkaia,41,2001,97,48
Bizkaia,41,2002,107,48
Bizkaia,41,2003,129,48
Bizkaia,41,2004,148,48
Bizkaia,41,2005,163,48
Bizkaia,41,2006,168,48
Bizkaia,41,2007,164,48
Bizkaia,41,2008,204,48
Bizkaia,41,2009,165,48
Bizkaia,41,2010,205,48
Bizkaia,41,2011,242,48
Bizkaia,41,2012,245,48
Bizkaia,41,2013,283,48
Bizkaia,41,2014,273,48
Bizkaia,41,2015,252,48
Bizkaia,41,2016,288,48
Bizkaia,41,2017,305,48
Bizkaia,41,2018,262,48
Bizkaia,41,2019,245,48
Bizkaia,41,2020,264,48
Bizkaia,41,2021,235,48
Bizkaia,41,2022,252,48
Bizkaia,41,2023,213,48
Bizkaia,41,2024,223,48
Bizkaia,42,1996,25,48
Bizkaia,42,1997,23,48
Bizkaia,42,1998,25,48
Bizkaia,42,1999,55,48
Bizkaia,42,2000,49,48
Bizkaia,42,2001,70,48
Bizkaia,42,2002,80,48
Bizkaia,42,2003,64,48
Bizkaia,42,2004,63,48
Bizkaia,42,2005,109,48
Bizkaia,42,2006,96,48
Bizkaia,42,2007,101,48
Bizkaia,42,2008,132,48
Bizkaia,42,2009,103,48
Bizkaia,42,2010,129,48
Bizkaia,42,2011,128,48
Bizkaia,42,2012,142,48
Bizkaia,42,2013,153,48
Bizkaia,42,2014,156,48
Bizkaia,42,2015,173,48
Bizkaia,42,2016,177,48
Bizkaia,42,2017,172,48
Bizkaia,42,2018,188,48
Bizkaia,42,2019,164,48
Bizkaia,42,2020,175,48
Bizkaia,42,2021,174,48
Bizkaia,42,2022,168,48
Bizkaia,42,2023,150,48
Bizkaia,42,2024,117,48
Bizkaia,43,1996,21,48
Bizkaia,43,1997,20,48
Bizkaia,43,1998,17,48
Bizkaia,43,1999,22,48
Bizkaia,43,2000,30,48
Bizkaia,43,2001,25,48
Bizkaia,43,2002,33,48
Bizkaia,43,2003,42,48
Bizkaia,43,2004,44,48
Bizkaia,43,2005,43,48
Bizkaia,43,2006,55,48
Bizkaia,43,2007,60,48
Bizkaia,43,2008,78,48
Bizkaia,43,2009,62,48
Bizkaia,43,2010,65,48
Bizkaia,43,2011,66,48
Bizkaia,43,2012,107,48
Bizkaia,43,2013,116,48
Bizkaia,43,2014,97,48
Bizkaia,43,2015,106,48
Bizkaia,43,2016,123,48
Bizkaia,43,2017,117,48
Bizkaia,43,2018,110,48
Bizkaia,43,2019,111,48
Bizkaia,43,2020,118,48
Bizkaia,43,2021,113,48
Bizkaia,43,2022,94,48
Bizkaia,43,2023,80,48
Bizkaia,43,2024,100,48
Bizkaia,44,1996,6,48
Bizkaia,44,1997,9,48
Bizkaia,44,1998,9,48
Bizkaia,44,1999,3,48
Bizkaia,44,2000,15,48
Bizkaia,44,2001,9,48
Bizkaia,44,2002,17,48
Bizkaia,44,2003,20,48
Bizkaia,44,2004,17,48
Bizkaia,44,2005,16,48
Bizkaia,44,2006,25,48
Bizkaia,44,2007,40,48
Bizkaia,44,2008,30,48
Bizkaia,44,2009,33,48
Bizkaia,44,2010,42,48
Bizkaia,44,2011,48,48
Bizkaia,44,2012,48,48
Bizkaia,44,2013,48,48
Bizkaia,44,2014,51,48
Bizkaia,44,2015,40,48
Bizkaia,44,2016,52,48
Bizkaia,44,2017,63,48
Bizkaia,44,2018,55,48
Bizkaia,44,2019,81,48
Bizkaia,44,2020,73,48
Bizkaia,44,2021,62,48
Bizkaia,44,2022,73,48
Bizkaia,44,2023,66,48
Bizkaia,44,2024,58,48
Bizkaia,45,1996,3,48
Bizkaia,45,1997,3,48
Bizkaia,45,1998,2,48
Bizkaia,45,1999,6,48
Bizkaia,45,2000,2,48
Bizkaia,45,2001,7,48
Bizkaia,45,2002,13,48
Bizkaia,45,2003,7,48
Bizkaia,45,2004,7,48
Bizkaia,45,2005,16,48
Bizkaia,45,2006,19,48
Bizkaia,45,2007,18,48
Bizkaia,45,2008,15,48
Bizkaia,45,2009,10,48
Bizkaia,45,2010,24,48
Bizkaia,45,2011,20,48
Bizkaia,45,2012,19,48
Bizkaia,45,2013,25,48
Bizkaia,45,2014,20,48
Bizkaia,45,2015,38,48
Bizkaia,45,2016,42,48
Bizkaia,45,2017,38,48
Bizkaia,45,2018,45,48
Bizkaia,45,2019,48,48
Bizkaia,45,2020,32,48
Bizkaia,45,2021,46,48
Bizkaia,45,2022,53,48
Bizkaia,45,2023,42,48
Bizkaia,45,2024,36,48
Bizkaia,>= 46,1996,10,48
Bizkaia,>= 46,1997,4,48
Bizkaia,>= 46,1998,5,48
Bizkaia,>= 46,1999,3,48
Bizkaia,>= 46,2000,1,48
Bizkaia,>= 46,2001,12,48
Bizkaia,>= 46,2002,9,48
Bizkaia,>= 46,2003,6,48
Bizkaia,>= 46,2004,9,48
Bizkaia,>= 46,2005,13,48
Bizkaia,>= 46,2006,11,48
Bizkaia,>= 46,2007,18,48
Bizkaia,>= 46,2008,17,48
Bizkaia,>= 46,2009,22,48
Bizkaia,>= 46,2010,42,48
Bizkaia,>= 46,2011,23,48
Bizkaia,>= 46,2012,25,48
Bizkaia,>= 46,2013,32,48
Bizkaia,>= 46,2014,36,48
Bizkaia,>= 46,2015,46,48
Bizkaia,>= 46,2016,41,48
Bizkaia,>= 46,2017,52,48
Bizkaia,>= 46,2018,48,48
Bizkaia,>= 46,2019,38,48
Bizkaia,>= 46,2020,45,48
Bizkaia,>= 46,2021,46,48
Bizkaia,>= 46,2022,71,48
Bizkaia,>= 46,2023,78,48
Bizkaia,>= 46,2024,58,48
Gipuzkoa,Total,1996,5590,20
Gipuzkoa,Total,1997,5766,20
Gipuzkoa,Total,1998,5648,20
Gipuzkoa,Total,1999,5867,20
Gipuzkoa,Total,2000,6011,20
Gipuzkoa,Total,2001,6171,20
Gipuzkoa,Total,2002,6270,20
Gipuzkoa,Total,2003,6767,20
Gipuzkoa,Total,2004,6789,20
Gipuzkoa,Total,2005,6801,20
Gipuzkoa,Total,2006,7038,20
Gipuzkoa,Total,2007,7153,20
Gipuzkoa,Total,2008,7245,20
Gipuzkoa,Total,2009,7164,20
Gipuzkoa,Total,2010,7215,20
Gipuzkoa,Total,2011,7064,20
Gipuzkoa,Total,2012,6898,20
Gipuzkoa,Total,2013,6287,20
Gipuzkoa,Total,2014,6361,20
Gipuzkoa,Total,2015,6361,20
Gipuzkoa,Total,2016,6015,20
Gipuzkoa,Total,2017,5593,20
Gipuzkoa,Total,2018,5467,20
Gipuzkoa,Total,2019,5133,20
Gipuzkoa,Total,2020,5024,20
Gipuzkoa,Total,2021,4932,20
Gipuzkoa,Total,2022,4508,20
Gipuzkoa,Total,2023,4566,20
Gipuzkoa,Total,2024,4422,20
Gipuzkoa,<= 15,1996,2,20
Gipuzkoa,<= 15,1997,3,20
Gipuzkoa,<= 15,1998,0,20
Gipuzkoa,<= 15,1999,2,20
Gipuzkoa,<= 15,2000,1,20
Gipuzkoa,<= 15,2001,3,20
Gipuzkoa,<= 15,2002,1,20
Gipuzkoa,<= 15,2003,2,20
Gipuzkoa,<= 15,2004,1,20
Gipuzkoa,<= 15,2005,1,20
Gipuzkoa,<= 15,2006,1,20
Gipuzkoa,<= 15,2007,2,20
Gipuzkoa,<= 15,2008,2,20
Gipuzkoa,<= 15,2009,3,20
Gipuzkoa,<= 15,2010,3,20
Gipuzkoa,<= 15,2011,0,20
Gipuzkoa,<= 15,2012,0,20
Gipuzkoa,<= 15,2013,5,20
Gipuzkoa,<= 15,2014,1,20
Gipuzkoa,<= 15,2015,1,20
Gipuzkoa,<= 15,2016,2,20
Gipuzkoa,<= 15,2017,3,20
Gipuzkoa,<= 15,2018,1,20
Gipuzkoa,<= 15,2019,0,20
Gipuzkoa,<= 15,2020,0,20
Gipuzkoa,<= 15,2021,0,20
Gipuzkoa,<= 15,2022,0,20
Gipuzkoa,<= 15,2023,0,20
Gipuzkoa,<= 15,2024,1,20
Gipuzkoa,16,1996,1,20
Gipuzkoa,16,1997,2,20
Gipuzkoa,16,1998,3,20
Gipuzkoa,16,1999,3,20
Gipuzkoa,16,2000,4,20
Gipuzkoa,16,2001,1,20
Gipuzkoa,16,2002,5,20
Gipuzkoa,16,2003,6,20
Gipuzkoa,16,2004,4,20
Gipuzkoa,16,2005,1,20
Gipuzkoa,16,2006,5,20
Gipuzkoa,16,2007,5,20
Gipuzkoa,16,2008,2,20
Gipuzkoa,16,2009,8,20
Gipuzkoa,16,2010,5,20
Gipuzkoa,16,2011,2,20
Gipuzkoa,16,2012,3,20
Gipuzkoa,16,2013,1,20
Gipuzkoa,16,2014,3,20
Gipuzkoa,16,2015,3,20
Gipuzkoa,16,2016,3,20
Gipuzkoa,16,2017,2,20
Gipuzkoa,16,2018,0,20
Gipuzkoa,16,2019,2,20
Gipuzkoa,16,2020,3,20
Gipuzkoa,16,2021,0,20
Gipuzkoa,16,2022,1,20
Gipuzkoa,16,2023,1,20
Gipuzkoa,16,2024,3,20
Gipuzkoa,17,1996,8,20
Gipuzkoa,17,1997,8,20
Gipuzkoa,17,1998,1,20
Gipuzkoa,17,1999,3,20
Gipuzkoa,17,2000,6,20
Gipuzkoa,17,2001,1,20
Gipuzkoa,17,2002,5,20
Gipuzkoa,17,2003,9,20
Gipuzkoa,17,2004,3,20
Gipuzkoa,17,2005,7,20
Gipuzkoa,17,2006,7,20
Gipuzkoa,17,2007,9,20
Gipuzkoa,17,2008,9,20
Gipuzkoa,17,2009,7,20
Gipuzkoa,17,2010,9,20
Gipuzkoa,17,2011,9,20
Gipuzkoa,17,2012,12,20
Gipuzkoa,17,2013,6,20
Gipuzkoa,17,2014,5,20
Gipuzkoa,17,2015,6,20
Gipuzkoa,17,2016,11,20
Gipuzkoa,17,2017,7,20
Gipuzkoa,17,2018,8,20
Gipuzkoa,17,2019,2,20
Gipuzkoa,17,2020,2,20
Gipuzkoa,17,2021,4,20
Gipuzkoa,17,2022,1,20
Gipuzkoa,17,2023,3,20
Gipuzkoa,17,2024,2,20
Gipuzkoa,18,1996,8,20
Gipuzkoa,18,1997,4,20
Gipuzkoa,18,1998,6,20
Gipuzkoa,18,1999,6,20
Gipuzkoa,18,2000,4,20
Gipuzkoa,18,2001,6,20
Gipuzkoa,18,2002,11,20
Gipuzkoa,18,2003,10,20
Gipuzkoa,18,2004,17,20
Gipuzkoa,18,2005,8,20
Gipuzkoa,18,2006,10,20
Gipuzkoa,18,2007,20,20
Gipuzkoa,18,2008,12,20
Gipuzkoa,18,2009,11,20
Gipuzkoa,18,2010,13,20
Gipuzkoa,18,2011,17,20
Gipuzkoa,18,2012,13,20
Gipuzkoa,18,2013,15,20
Gipuzkoa,18,2014,9,20
Gipuzkoa,18,2015,17,20
Gipuzkoa,18,2016,11,20
Gipuzkoa,18,2017,5,20
Gipuzkoa,18,2018,14,20
Gipuzkoa,18,2019,6,20
Gipuzkoa,18,2020,8,20
Gipuzkoa,18,2021,6,20
Gipuzkoa,18,2022,10,20
Gipuzkoa,18,2023,8,20
Gipuzkoa,18,2024,12,20
Gipuzkoa,19,1996,15,20
Gipuzkoa,19,1997,17,20
Gipuzkoa,19,1998,15,20
Gipuzkoa,19,1999,15,20
Gipuzkoa,19,2000,13,20
Gipuzkoa,19,2001,18,20
Gipuzkoa,19,2002,16,20
Gipuzkoa,19,2003,17,20
Gipuzkoa,19,2004,16,20
Gipuzkoa,19,2005,27,20
Gipuzkoa,19,2006,24,20
Gipuzkoa,19,2007,25,20
Gipuzkoa,19,2008,23,20
Gipuzkoa,19,2009,20,20
Gipuzkoa,19,2010,24,20
Gipuzkoa,19,2011,20,20
Gipuzkoa,19,2012,18,20
Gipuzkoa,19,2013,20,20
Gipuzkoa,19,2014,23,20
Gipuzkoa,19,2015,16,20
Gipuzkoa,19,2016,17,20
Gipuzkoa,19,2017,23,20
Gipuzkoa,19,2018,16,20
Gipuzkoa,19,2019,20,20
Gipuzkoa,19,2020,13,20
Gipuzkoa,19,2021,13,20
Gipuzkoa,19,2022,22,20
Gipuzkoa,19,2023,22,20
Gipuzkoa,19,2024,13,20
Gipuzkoa,20,1996,16,20
Gipuzkoa,20,1997,27,20
Gipuzkoa,20,1998,16,20
Gipuzkoa,20,1999,26,20
Gipuzkoa,20,2000,27,20
Gipuzkoa,20,2001,23,20
Gipuzkoa,20,2002,31,20
Gipuzkoa,20,2003,19,20
Gipuzkoa,20,2004,17,20
Gipuzkoa,20,2005,35,20
Gipuzkoa,20,2006,28,20
Gipuzkoa,20,2007,31,20
Gipuzkoa,20,2008,34,20
Gipuzkoa,20,2009,36,20
Gipuzkoa,20,2010,35,20
Gipuzkoa,20,2011,28,20
Gipuzkoa,20,2012,21,20
Gipuzkoa,20,2013,32,20
Gipuzkoa,20,2014,30,20
Gipuzkoa,20,2015,33,20
Gipuzkoa,20,2016,30,20
Gipuzkoa,20,2017,24,20
Gipuzkoa,20,2018,25,20
Gipuzkoa,20,2019,43,20
Gipuzkoa,20,2020,28,20
Gipuzkoa,20,2021,30,20
Gipuzkoa,20,2022,19,20
Gipuzkoa,20,2023,24,20
Gipuzkoa,20,2024,21,20
Gipuzkoa,21,1996,33,20
Gipuzkoa,21,1997,31,20
Gipuzkoa,21,1998,28,20
Gipuzkoa,21,1999,23,20
Gipuzkoa,21,2000,30,20
Gipuzkoa,21,2001,22,20
Gipuzkoa,21,2002,27,20
Gipuzkoa,21,2003,40,20
Gipuzkoa,21,2004,31,20
Gipuzkoa,21,2005,20,20
Gipuzkoa,21,2006,29,20
Gipuzkoa,21,2007,42,20
Gipuzkoa,21,2008,50,20
Gipuzkoa,21,2009,45,20
Gipuzkoa,21,2010,56,20
Gipuzkoa,21,2011,33,20
Gipuzkoa,21,2012,32,20
Gipuzkoa,21,2013,30,20
Gipuzkoa,21,2014,35,20
Gipuzkoa,21,2015,25,20
Gipuzkoa,21,2016,38,20
Gipuzkoa,21,2017,31,20
Gipuzkoa,21,2018,44,20
Gipuzkoa,21,2019,35,20
Gipuzkoa,21,2020,40,20
Gipuzkoa,21,2021,29,20
Gipuzkoa,21,2022,32,20
Gipuzkoa,21,2023,33,20
Gipuzkoa,21,2024,33,20
Gipuzkoa,22,1996,43,20
Gipuzkoa,22,1997,40,20
Gipuzkoa,22,1998,42,20
Gipuzkoa,22,1999,35,20
Gipuzkoa,22,2000,29,20
Gipuzkoa,22,2001,40,20
Gipuzkoa,22,2002,30,20
Gipuzkoa,22,2003,36,20
Gipuzkoa,22,2004,34,20
Gipuzkoa,22,2005,26,20
Gipuzkoa,22,2006,44,20
Gipuzkoa,22,2007,39,20
Gipuzkoa,22,2008,62,20
Gipuzkoa,22,2009,53,20
Gipuzkoa,22,2010,55,20
Gipuzkoa,22,2011,55,20
Gipuzkoa,22,2012,54,20
Gipuzkoa,22,2013,35,20
Gipuzkoa,22,2014,35,20
Gipuzkoa,22,2015,47,20
Gipuzkoa,22,2016,44,20
Gipuzkoa,22,2017,41,20
Gipuzkoa,22,2018,43,20
Gipuzkoa,22,2019,61,20
Gipuzkoa,22,2020,45,20
Gipuzkoa,22,2021,49,20
Gipuzkoa,22,2022,42,20
Gipuzkoa,22,2023,47,20
Gipuzkoa,22,2024,51,20
Gipuzkoa,23,1996,76,20
Gipuzkoa,23,1997,65,20
Gipuzkoa,23,1998,42,20
Gipuzkoa,23,1999,54,20
Gipuzkoa,23,2000,42,20
Gipuzkoa,23,2001,39,20
Gipuzkoa,23,2002,44,20
Gipuzkoa,23,2003,45,20
Gipuzkoa,23,2004,49,20
Gipuzkoa,23,2005,61,20
Gipuzkoa,23,2006,57,20
Gipuzkoa,23,2007,43,20
Gipuzkoa,23,2008,56,20
Gipuzkoa,23,2009,60,20
Gipuzkoa,23,2010,67,20
Gipuzkoa,23,2011,54,20
Gipuzkoa,23,2012,63,20
Gipuzkoa,23,2013,51,20
Gipuzkoa,23,2014,66,20
Gipuzkoa,23,2015,53,20
Gipuzkoa,23,2016,43,20
Gipuzkoa,23,2017,51,20
Gipuzkoa,23,2018,60,20
Gipuzkoa,23,2019,53,20
Gipuzkoa,23,2020,56,20
Gipuzkoa,23,2021,44,20
Gipuzkoa,23,2022,61,20
Gipuzkoa,23,2023,48,20
Gipuzkoa,23,2024,46,20
Gipuzkoa,24,1996,71,20
Gipuzkoa,24,1997,77,20
Gipuzkoa,24,1998,77,20
Gipuzkoa,24,1999,64,20
Gipuzkoa,24,2000,62,20
Gipuzkoa,24,2001,52,20
Gipuzkoa,24,2002,61,20
Gipuzkoa,24,2003,56,20
Gipuzkoa,24,2004,69,20
Gipuzkoa,24,2005,63,20
Gipuzkoa,24,2006,66,20
Gipuzkoa,24,2007,74,20
Gipuzkoa,24,2008,75,20
Gipuzkoa,24,2009,78,20
Gipuzkoa,24,2010,65,20
Gipuzkoa,24,2011,61,20
Gipuzkoa,24,2012,70,20
Gipuzkoa,24,2013,59,20
Gipuzkoa,24,2014,68,20
Gipuzkoa,24,2015,68,20
Gipuzkoa,24,2016,67,20
Gipuzkoa,24,2017,62,20
Gipuzkoa,24,2018,77,20
Gipuzkoa,24,2019,79,20
Gipuzkoa,24,2020,67,20
Gipuzkoa,24,2021,48,20
Gipuzkoa,24,2022,60,20
Gipuzkoa,24,2023,67,20
Gipuzkoa,24,2024,43,20
Gipuzkoa,25,1996,124,20
Gipuzkoa,25,1997,101,20
Gipuzkoa,25,1998,98,20
Gipuzkoa,25,1999,117,20
Gipuzkoa,25,2000,80,20
Gipuzkoa,25,2001,93,20
Gipuzkoa,25,2002,87,20
Gipuzkoa,25,2003,88,20
Gipuzkoa,25,2004,113,20
Gipuzkoa,25,2005,87,20
Gipuzkoa,25,2006,83,20
Gipuzkoa,25,2007,88,20
Gipuzkoa,25,2008,91,20
Gipuzkoa,25,2009,94,20
Gipuzkoa,25,2010,78,20
Gipuzkoa,25,2011,91,20
Gipuzkoa,25,2012,83,20
Gipuzkoa,25,2013,91,20
Gipuzkoa,25,2014,86,20
Gipuzkoa,25,2015,80,20
Gipuzkoa,25,2016,80,20
Gipuzkoa,25,2017,56,20
Gipuzkoa,25,2018,55,20
Gipuzkoa,25,2019,85,20
Gipuzkoa,25,2020,92,20
Gipuzkoa,25,2021,62,20
Gipuzkoa,25,2022,62,20
Gipuzkoa,25,2023,85,20
Gipuzkoa,25,2024,68,20
Gipuzkoa,26,1996,150,20
Gipuzkoa,26,1997,161,20
Gipuzkoa,26,1998,141,20
Gipuzkoa,26,1999,140,20
Gipuzkoa,26,2000,136,20
Gipuzkoa,26,2001,163,20
Gipuzkoa,26,2002,155,20
Gipuzkoa,26,2003,149,20
Gipuzkoa,26,2004,123,20
Gipuzkoa,26,2005,136,20
Gipuzkoa,26,2006,122,20
Gipuzkoa,26,2007,125,20
Gipuzkoa,26,2008,144,20
Gipuzkoa,26,2009,137,20
Gipuzkoa,26,2010,110,20
Gipuzkoa,26,2011,111,20
Gipuzkoa,26,2012,101,20
Gipuzkoa,26,2013,67,20
Gipuzkoa,26,2014,115,20
Gipuzkoa,26,2015,109,20
Gipuzkoa,26,2016,126,20
Gipuzkoa,26,2017,80,20
Gipuzkoa,26,2018,79,20
Gipuzkoa,26,2019,109,20
Gipuzkoa,26,2020,88,20
Gipuzkoa,26,2021,96,20
Gipuzkoa,26,2022,85,20
Gipuzkoa,26,2023,68,20
Gipuzkoa,26,2024,83,20
Gipuzkoa,27,1996,266,20
Gipuzkoa,27,1997,240,20
Gipuzkoa,27,1998,220,20
Gipuzkoa,27,1999,218,20
Gipuzkoa,27,2000,206,20
Gipuzkoa,27,2001,228,20
Gipuzkoa,27,2002,215,20
Gipuzkoa,27,2003,202,20
Gipuzkoa,27,2004,215,20
Gipuzkoa,27,2005,199,20
Gipuzkoa,27,2006,178,20
Gipuzkoa,27,2007,186,20
Gipuzkoa,27,2008,191,20
Gipuzkoa,27,2009,196,20
Gipuzkoa,27,2010,172,20
Gipuzkoa,27,2011,149,20
Gipuzkoa,27,2012,160,20
Gipuzkoa,27,2013,137,20
Gipuzkoa,27,2014,139,20
Gipuzkoa,27,2015,146,20
Gipuzkoa,27,2016,143,20
Gipuzkoa,27,2017,143,20
Gipuzkoa,27,2018,124,20
Gipuzkoa,27,2019,119,20
Gipuzkoa,27,2020,107,20
Gipuzkoa,27,2021,89,20
Gipuzkoa,27,2022,105,20
Gipuzkoa,27,2023,115,20
Gipuzkoa,27,2024,115,20
Gipuzkoa,28,1996,346,20
Gipuzkoa,28,1997,363,20
Gipuzkoa,28,1998,319,20
Gipuzkoa,28,1999,320,20
Gipuzkoa,28,2000,294,20
Gipuzkoa,28,2001,300,20
Gipuzkoa,28,2002,330,20
Gipuzkoa,28,2003,337,20
Gipuzkoa,28,2004,331,20
Gipuzkoa,28,2005,308,20
Gipuzkoa,28,2006,286,20
Gipuzkoa,28,2007,302,20
Gipuzkoa,28,2008,279,20
Gipuzkoa,28,2009,246,20
Gipuzkoa,28,2010,239,20
Gipuzkoa,28,2011,217,20
Gipuzkoa,28,2012,215,20
Gipuzkoa,28,2013,187,20
Gipuzkoa,28,2014,221,20
Gipuzkoa,28,2015,180,20
Gipuzkoa,28,2016,166,20
Gipuzkoa,28,2017,172,20
Gipuzkoa,28,2018,160,20
Gipuzkoa,28,2019,146,20
Gipuzkoa,28,2020,149,20
Gipuzkoa,28,2021,146,20
Gipuzkoa,28,2022,129,20
Gipuzkoa,28,2023,134,20
Gipuzkoa,28,2024,123,20
Gipuzkoa,29,1996,484,20
Gipuzkoa,29,1997,481,20
Gipuzkoa,29,1998,437,20
Gipuzkoa,29,1999,383,20
Gipuzkoa,29,2000,411,20
Gipuzkoa,29,2001,445,20
Gipuzkoa,29,2002,408,20
Gipuzkoa,29,2003,422,20
Gipuzkoa,29,2004,434,20
Gipuzkoa,29,2005,434,20
Gipuzkoa,29,2006,419,20
Gipuzkoa,29,2007,393,20
Gipuzkoa,29,2008,401,20
Gipuzkoa,29,2009,366,20
Gipuzkoa,29,2010,364,20
Gipuzkoa,29,2011,339,20
Gipuzkoa,29,2012,321,20
Gipuzkoa,29,2013,272,20
Gipuzkoa,29,2014,274,20
Gipuzkoa,29,2015,284,20
Gipuzkoa,29,2016,230,20
Gipuzkoa,29,2017,241,20
Gipuzkoa,29,2018,223,20
Gipuzkoa,29,2019,189,20
Gipuzkoa,29,2020,219,20
Gipuzkoa,29,2021,217,20
Gipuzkoa,29,2022,172,20
Gipuzkoa,29,2023,191,20
Gipuzkoa,29,2024,147,20
Gipuzkoa,30,1996,521,20
Gipuzkoa,30,1997,562,20
Gipuzkoa,30,1998,532,20
Gipuzkoa,30,1999,515,20
Gipuzkoa,30,2000,522,20
Gipuzkoa,30,2001,536,20
Gipuzkoa,30,2002,512,20
Gipuzkoa,30,2003,576,20
Gipuzkoa,30,2004,507,20
Gipuzkoa,30,2005,560,20
Gipuzkoa,30,2006,576,20
Gipuzkoa,30,2007,587,20
Gipuzkoa,30,2008,527,20
Gipuzkoa,30,2009,482,20
Gipuzkoa,30,2010,453,20
Gipuzkoa,30,2011,461,20
Gipuzkoa,30,2012,408,20
Gipuzkoa,30,2013,359,20
Gipuzkoa,30,2014,335,20
Gipuzkoa,30,2015,347,20
Gipuzkoa,30,2016,309,20
Gipuzkoa,30,2017,283,20
Gipuzkoa,30,2018,291,20
Gipuzkoa,30,2019,272,20
Gipuzkoa,30,2020,287,20
Gipuzkoa,30,2021,272,20
Gipuzkoa,30,2022,221,20
Gipuzkoa,30,2023,229,20
Gipuzkoa,30,2024,202,20
Gipuzkoa,31,1996,584,20
Gipuzkoa,31,1997,635,20
Gipuzkoa,31,1998,565,20
Gipuzkoa,31,1999,594,20
Gipuzkoa,31,2000,623,20
Gipuzkoa,31,2001,594,20
Gipuzkoa,31,2002,591,20
Gipuzkoa,31,2003,661,20
Gipuzkoa,31,2004,635,20
Gipuzkoa,31,2005,655,20
Gipuzkoa,31,2006,677,20
Gipuzkoa,31,2007,714,20
Gipuzkoa,31,2008,664,20
Gipuzkoa,31,2009,579,20
Gipuzkoa,31,2010,540,20
Gipuzkoa,31,2011,584,20
Gipuzkoa,31,2012,514,20
Gipuzkoa,31,2013,441,20
Gipuzkoa,31,2014,425,20
Gipuzkoa,31,2015,395,20
Gipuzkoa,31,2016,421,20
Gipuzkoa,31,2017,361,20
Gipuzkoa,31,2018,355,20
Gipuzkoa,31,2019,335,20
Gipuzkoa,31,2020,347,20
Gipuzkoa,31,2021,338,20
Gipuzkoa,31,2022,274,20
Gipuzkoa,31,2023,302,20
Gipuzkoa,31,2024,267,20
Gipuzkoa,32,1996,609,20
Gipuzkoa,32,1997,567,20
Gipuzkoa,32,1998,549,20
Gipuzkoa,32,1999,618,20
Gipuzkoa,32,2000,598,20
Gipuzkoa,32,2001,581,20
Gipuzkoa,32,2002,571,20
Gipuzkoa,32,2003,681,20
Gipuzkoa,32,2004,715,20
Gipuzkoa,32,2005,683,20
Gipuzkoa,32,2006,699,20
Gipuzkoa,32,2007,714,20
Gipuzkoa,32,2008,675,20
Gipuzkoa,32,2009,709,20
Gipuzkoa,32,2010,708,20
Gipuzkoa,32,2011,651,20
Gipuzkoa,32,2012,566,20
Gipuzkoa,32,2013,509,20
Gipuzkoa,32,2014,495,20
Gipuzkoa,32,2015,504,20
Gipuzkoa,32,2016,459,20
Gipuzkoa,32,2017,403,20
Gipuzkoa,32,2018,395,20
Gipuzkoa,32,2019,377,20
Gipuzkoa,32,2020,336,20
Gipuzkoa,32,2021,383,20
Gipuzkoa,32,2022,348,20
Gipuzkoa,32,2023,348,20
Gipuzkoa,32,2024,337,20
Gipuzkoa,33,1996,490,20
Gipuzkoa,33,1997,597,20
Gipuzkoa,33,1998,590,20
Gipuzkoa,33,1999,558,20
Gipuzkoa,33,2000,627,20
Gipuzkoa,33,2001,605,20
Gipuzkoa,33,2002,658,20
Gipuzkoa,33,2003,652,20
Gipuzkoa,33,2004,631,20
Gipuzkoa,33,2005,647,20
Gipuzkoa,33,2006,716,20
Gipuzkoa,33,2007,693,20
Gipuzkoa,33,2008,652,20
Gipuzkoa,33,2009,741,20
Gipuzkoa,33,2010,745,20
Gipuzkoa,33,2011,650,20
Gipuzkoa,33,2012,626,20
Gipuzkoa,33,2013,516,20
Gipuzkoa,33,2014,561,20
Gipuzkoa,33,2015,547,20
Gipuzkoa,33,2016,519,20
Gipuzkoa,33,2017,475,20
Gipuzkoa,33,2018,477,20
Gipuzkoa,33,2019,412,20
Gipuzkoa,33,2020,383,20
Gipuzkoa,33,2021,389,20
Gipuzkoa,33,2022,375,20
Gipuzkoa,33,2023,381,20
Gipuzkoa,33,2024,320,20
Gipuzkoa,34,1996,490,20
Gipuzkoa,34,1997,478,20
Gipuzkoa,34,1998,530,20
Gipuzkoa,34,1999,571,20
Gipuzkoa,34,2000,570,20
Gipuzkoa,34,2001,574,20
Gipuzkoa,34,2002,564,20
Gipuzkoa,34,2003,598,20
Gipuzkoa,34,2004,609,20
Gipuzkoa,34,2005,613,20
Gipuzkoa,34,2006,621,20
Gipuzkoa,34,2007,655,20
Gipuzkoa,34,2008,728,20
Gipuzkoa,34,2009,725,20
Gipuzkoa,34,2010,707,20
Gipuzkoa,34,2011,656,20
Gipuzkoa,34,2012,644,20
Gipuzkoa,34,2013,578,20
Gipuzkoa,34,2014,599,20
Gipuzkoa,34,2015,605,20
Gipuzkoa,34,2016,530,20
Gipuzkoa,34,2017,474,20
Gipuzkoa,34,2018,461,20
Gipuzkoa,34,2019,408,20
Gipuzkoa,34,2020,395,20
Gipuzkoa,34,2021,420,20
Gipuzkoa,34,2022,366,20
Gipuzkoa,34,2023,362,20
Gipuzkoa,34,2024,386,20
Gipuzkoa,35,1996,385,20
Gipuzkoa,35,1997,364,20
Gipuzkoa,35,1998,440,20
Gipuzkoa,35,1999,490,20
Gipuzkoa,35,2000,490,20
Gipuzkoa,35,2001,505,20
Gipuzkoa,35,2002,517,20
Gipuzkoa,35,2003,529,20
Gipuzkoa,35,2004,597,20
Gipuzkoa,35,2005,551,20
Gipuzkoa,35,2006,589,20
Gipuzkoa,35,2007,622,20
Gipuzkoa,35,2008,624,20
Gipuzkoa,35,2009,620,20
Gipuzkoa,35,2010,592,20
Gipuzkoa,35,2011,649,20
Gipuzkoa,35,2012,653,20
Gipuzkoa,35,2013,612,20
Gipuzkoa,35,2014,578,20
Gipuzkoa,35,2015,573,20
Gipuzkoa,35,2016,515,20
Gipuzkoa,35,2017,477,20
Gipuzkoa,35,2018,491,20
Gipuzkoa,35,2019,379,20
Gipuzkoa,35,2020,462,20
Gipuzkoa,35,2021,409,20
Gipuzkoa,35,2022,351,20
Gipuzkoa,35,2023,370,20
Gipuzkoa,35,2024,396,20
Gipuzkoa,36,1996,293,20
Gipuzkoa,36,1997,325,20
Gipuzkoa,36,1998,315,20
Gipuzkoa,36,1999,332,20
Gipuzkoa,36,2000,371,20
Gipuzkoa,36,2001,417,20
Gipuzkoa,36,2002,454,20
Gipuzkoa,36,2003,479,20
Gipuzkoa,36,2004,456,20
Gipuzkoa,36,2005,484,20
Gipuzkoa,36,2006,508,20
Gipuzkoa,36,2007,460,20
Gipuzkoa,36,2008,557,20
Gipuzkoa,36,2009,550,20
Gipuzkoa,36,2010,613,20
Gipuzkoa,36,2011,569,20
Gipuzkoa,36,2012,580,20
Gipuzkoa,36,2013,567,20
Gipuzkoa,36,2014,561,20
Gipuzkoa,36,2015,516,20
Gipuzkoa,36,2016,497,20
Gipuzkoa,36,2017,467,20
Gipuzkoa,36,2018,437,20
Gipuzkoa,36,2019,436,20
Gipuzkoa,36,2020,415,20
Gipuzkoa,36,2021,402,20
Gipuzkoa,36,2022,350,20
Gipuzkoa,36,2023,337,20
Gipuzkoa,36,2024,364,20
Gipuzkoa,37,1996,218,20
Gipuzkoa,37,1997,237,20
Gipuzkoa,37,1998,226,20
Gipuzkoa,37,1999,307,20
Gipuzkoa,37,2000,337,20
Gipuzkoa,37,2001,313,20
Gipuzkoa,37,2002,333,20
Gipuzkoa,37,2003,352,20
Gipuzkoa,37,2004,374,20
Gipuzkoa,37,2005,376,20
Gipuzkoa,37,2006,397,20
Gipuzkoa,37,2007,409,20
Gipuzkoa,37,2008,404,20
Gipuzkoa,37,2009,412,20
Gipuzkoa,37,2010,474,20
Gipuzkoa,37,2011,507,20
Gipuzkoa,37,2012,492,20
Gipuzkoa,37,2013,468,20
Gipuzkoa,37,2014,440,20
Gipuzkoa,37,2015,467,20
Gipuzkoa,37,2016,421,20
Gipuzkoa,37,2017,385,20
Gipuzkoa,37,2018,394,20
Gipuzkoa,37,2019,345,20
Gipuzkoa,37,2020,345,20
Gipuzkoa,37,2021,362,20
Gipuzkoa,37,2022,311,20
Gipuzkoa,37,2023,344,20
Gipuzkoa,37,2024,310,20
Gipuzkoa,38,1996,153,20
Gipuzkoa,38,1997,151,20
Gipuzkoa,38,1998,173,20
Gipuzkoa,38,1999,177,20
Gipuzkoa,38,2000,181,20
Gipuzkoa,38,2001,230,20
Gipuzkoa,38,2002,260,20
Gipuzkoa,38,2003,298,20
Gipuzkoa,38,2004,271,20
Gipuzkoa,38,2005,273,20
Gipuzkoa,38,2006,288,20
Gipuzkoa,38,2007,295,20
Gipuzkoa,38,2008,332,20
Gipuzkoa,38,2009,345,20
Gipuzkoa,38,2010,345,20
Gipuzkoa,38,2011,364,20
Gipuzkoa,38,2012,380,20
Gipuzkoa,38,2013,374,20
Gipuzkoa,38,2014,383,20
Gipuzkoa,38,2015,409,20
Gipuzkoa,38,2016,378,20
Gipuzkoa,38,2017,337,20
Gipuzkoa,38,2018,331,20
Gipuzkoa,38,2019,311,20
Gipuzkoa,38,2020,290,20
Gipuzkoa,38,2021,302,20
Gipuzkoa,38,2022,273,20
Gipuzkoa,38,2023,257,20
Gipuzkoa,38,2024,258,20
Gipuzkoa,39,1996,76,20
Gipuzkoa,39,1997,98,20
Gipuzkoa,39,1998,114,20
Gipuzkoa,39,1999,137,20
Gipuzkoa,39,2000,140,20
Gipuzkoa,39,2001,174,20
Gipuzkoa,39,2002,166,20
Gipuzkoa,39,2003,190,20
Gipuzkoa,39,2004,213,20
Gipuzkoa,39,2005,233,20
Gipuzkoa,39,2006,228,20
Gipuzkoa,39,2007,216,20
Gipuzkoa,39,2008,244,20
Gipuzkoa,39,2009,227,20
Gipuzkoa,39,2010,289,20
Gipuzkoa,39,2011,298,20
Gipuzkoa,39,2012,322,20
Gipuzkoa,39,2013,320,20
Gipuzkoa,39,2014,282,20
Gipuzkoa,39,2015,303,20
Gipuzkoa,39,2016,314,20
Gipuzkoa,39,2017,325,20
Gipuzkoa,39,2018,252,20
Gipuzkoa,39,2019,273,20
Gipuzkoa,39,2020,285,20
Gipuzkoa,39,2021,253,20
Gipuzkoa,39,2022,248,20
Gipuzkoa,39,2023,217,20
Gipuzkoa,39,2024,217,20
Gipuzkoa,40,1996,59,20
Gipuzkoa,40,1997,61,20
Gipuzkoa,40,1998,83,20
Gipuzkoa,40,1999,68,20
Gipuzkoa,40,2000,97,20
Gipuzkoa,40,2001,87,20
Gipuzkoa,40,2002,97,20
Gipuzkoa,40,2003,138,20
Gipuzkoa,40,2004,149,20
Gipuzkoa,40,2005,142,20
Gipuzkoa,40,2006,150,20
Gipuzkoa,40,2007,177,20
Gipuzkoa,40,2008,145,20
Gipuzkoa,40,2009,180,20
Gipuzkoa,40,2010,173,20
Gipuzkoa,40,2011,184,20
Gipuzkoa,40,2012,203,20
Gipuzkoa,40,2013,210,20
Gipuzkoa,40,2014,239,20
Gipuzkoa,40,2015,231,20
Gipuzkoa,40,2016,223,20
Gipuzkoa,40,2017,255,20
Gipuzkoa,40,2018,230,20
Gipuzkoa,40,2019,212,20
Gipuzkoa,40,2020,181,20
Gipuzkoa,40,2021,195,20
Gipuzkoa,40,2022,184,20
Gipuzkoa,40,2023,163,20
Gipuzkoa,40,2024,191,20
Gipuzkoa,41,1996,34,20
Gipuzkoa,41,1997,34,20
Gipuzkoa,41,1998,45,20
Gipuzkoa,41,1999,46,20
Gipuzkoa,41,2000,52,20
Gipuzkoa,41,2001,54,20
Gipuzkoa,41,2002,56,20
Gipuzkoa,41,2003,80,20
Gipuzkoa,41,2004,82,20
Gipuzkoa,41,2005,70,20
Gipuzkoa,41,2006,108,20
Gipuzkoa,41,2007,105,20
Gipuzkoa,41,2008,110,20
Gipuzkoa,41,2009,95,20
Gipuzkoa,41,2010,115,20
Gipuzkoa,41,2011,149,20
Gipuzkoa,41,2012,160,20
Gipuzkoa,41,2013,116,20
Gipuzkoa,41,2014,144,20
Gipuzkoa,41,2015,158,20
Gipuzkoa,41,2016,154,20
Gipuzkoa,41,2017,149,20
Gipuzkoa,41,2018,172,20
Gipuzkoa,41,2019,168,20
Gipuzkoa,41,2020,139,20
Gipuzkoa,41,2021,133,20
Gipuzkoa,41,2022,132,20
Gipuzkoa,41,2023,125,20
Gipuzkoa,41,2024,159,20
Gipuzkoa,42,1996,16,20
Gipuzkoa,42,1997,18,20
Gipuzkoa,42,1998,24,20
Gipuzkoa,42,1999,21,20
Gipuzkoa,42,2000,29,20
Gipuzkoa,42,2001,37,20
Gipuzkoa,42,2002,40,20
Gipuzkoa,42,2003,50,20
Gipuzkoa,42,2004,48,20
Gipuzkoa,42,2005,50,20
Gipuzkoa,42,2006,56,20
Gipuzkoa,42,2007,58,20
Gipuzkoa,42,2008,70,20
Gipuzkoa,42,2009,62,20
Gipuzkoa,42,2010,57,20
Gipuzkoa,42,2011,67,20
Gipuzkoa,42,2012,80,20
Gipuzkoa,42,2013,104,20
Gipuzkoa,42,2014,80,20
Gipuzkoa,42,2015,110,20
Gipuzkoa,42,2016,122,20
Gipuzkoa,42,2017,98,20
Gipuzkoa,42,2018,103,20
Gipuzkoa,42,2019,116,20
Gipuzkoa,42,2020,101,20
Gipuzkoa,42,2021,81,20
Gipuzkoa,42,2022,94,20
Gipuzkoa,42,2023,114,20
Gipuzkoa,42,2024,98,20
Gipuzkoa,43,1996,10,20
Gipuzkoa,43,1997,11,20
Gipuzkoa,43,1998,10,20
Gipuzkoa,43,1999,14,20
Gipuzkoa,43,2000,15,20
Gipuzkoa,43,2001,18,20
Gipuzkoa,43,2002,13,20
Gipuzkoa,43,2003,23,20
Gipuzkoa,43,2004,19,20
Gipuzkoa,43,2005,23,20
Gipuzkoa,43,2006,33,20
Gipuzkoa,43,2007,38,20
Gipuzkoa,43,2008,34,20
Gipuzkoa,43,2009,44,20
Gipuzkoa,43,2010,34,20
Gipuzkoa,43,2011,43,20
Gipuzkoa,43,2012,46,20
Gipuzkoa,43,2013,49,20
Gipuzkoa,43,2014,48,20
Gipuzkoa,43,2015,53,20
Gipuzkoa,43,2016,63,20
Gipuzkoa,43,2017,66,20
Gipuzkoa,43,2018,63,20
Gipuzkoa,43,2019,50,20
Gipuzkoa,43,2020,55,20
Gipuzkoa,43,2021,50,20
Gipuzkoa,43,2022,62,20
Gipuzkoa,43,2023,74,20
Gipuzkoa,43,2024,64,20
Gipuzkoa,44,1996,4,20
Gipuzkoa,44,1997,3,20
Gipuzkoa,44,1998,5,20
Gipuzkoa,44,1999,6,20
Gipuzkoa,44,2000,10,20
Gipuzkoa,44,2001,8,20
Gipuzkoa,44,2002,11,20
Gipuzkoa,44,2003,10,20
Gipuzkoa,44,2004,13,20
Gipuzkoa,44,2005,16,20
Gipuzkoa,44,2006,18,20
Gipuzkoa,44,2007,12,20
Gipuzkoa,44,2008,26,20
Gipuzkoa,44,2009,18,20
Gipuzkoa,44,2010,36,20
Gipuzkoa,44,2011,18,20
Gipuzkoa,44,2012,30,20
Gipuzkoa,44,2013,30,20
Gipuzkoa,44,2014,35,20
Gipuzkoa,44,2015,31,20
Gipuzkoa,44,2016,34,20
Gipuzkoa,44,2017,43,20
Gipuzkoa,44,2018,37,20
Gipuzkoa,44,2019,37,20
Gipuzkoa,44,2020,30,20
Gipuzkoa,44,2021,50,20
Gipuzkoa,44,2022,43,20
Gipuzkoa,44,2023,34,20
Gipuzkoa,44,2024,31,20
Gipuzkoa,45,1996,5,20
Gipuzkoa,45,1997,1,20
Gipuzkoa,45,1998,0,20
Gipuzkoa,45,1999,1,20
Gipuzkoa,45,2000,3,20
Gipuzkoa,45,2001,2,20
Gipuzkoa,45,2002,0,20
Gipuzkoa,45,2003,6,20
Gipuzkoa,45,2004,6,20
Gipuzkoa,45,2005,5,20
Gipuzkoa,45,2006,9,20
Gipuzkoa,45,2007,7,20
Gipuzkoa,45,2008,11,20
Gipuzkoa,45,2009,9,20
Gipuzkoa,45,2010,14,20
Gipuzkoa,45,2011,12,20
Gipuzkoa,45,2012,12,20
Gipuzkoa,45,2013,13,20
Gipuzkoa,45,2014,17,20
Gipuzkoa,45,2015,18,20
Gipuzkoa,45,2016,19,20
Gipuzkoa,45,2017,15,20
Gipuzkoa,45,2018,23,20
Gipuzkoa,45,2019,25,20
Gipuzkoa,45,2020,22,20
Gipuzkoa,45,2021,28,20
Gipuzkoa,45,2022,27,20
Gipuzkoa,45,2023,22,20
Gipuzkoa,45,2024,22,20
Gipuzkoa,>= 46,1996,0,20
Gipuzkoa,>= 46,1997,4,20
Gipuzkoa,>= 46,1998,2,20
Gipuzkoa,>= 46,1999,3,20
Gipuzkoa,>= 46,2000,1,20
Gipuzkoa,>= 46,2001,2,20
Gipuzkoa,>= 46,2002,1,20
Gipuzkoa,>= 46,2003,6,20
Gipuzkoa,>= 46,2004,7,20
Gipuzkoa,>= 46,2005,7,20
Gipuzkoa,>= 46,2006,6,20
Gipuzkoa,>= 46,2007,7,20
Gipuzkoa,>= 46,2008,11,20
Gipuzkoa,>= 46,2009,6,20
Gipuzkoa,>= 46,2010,25,20
Gipuzkoa,>= 46,2011,16,20
Gipuzkoa,>= 46,2012,16,20
Gipuzkoa,>= 46,2013,13,20
Gipuzkoa,>= 46,2014,29,20
Gipuzkoa,>= 46,2015,26,20
Gipuzkoa,>= 46,2016,26,20
Gipuzkoa,>= 46,2017,39,20
Gipuzkoa,>= 46,2018,26,20
Gipuzkoa,>= 46,2019,28,20
Gipuzkoa,>= 46,2020,34,20
Gipuzkoa,>= 46,2021,32,20
Gipuzkoa,>= 46,2022,48,20
Gipuzkoa,>= 46,2023,41,20
Gipuzkoa,>= 46,2024,39,20
